Date,Temperature,Humidity,WindSpeed,Rainfall,Month,Year,Season,Month_Year,Rolling_Avg
2022-01-01,18.0,83.9,8.8,2.0,January,2022,Winter,2022-01,
2022-01-02,17.7,82.0,7.4,1.1,January,2022,Winter,2022-01,
2022-01-03,18.0,79.6,8.6,3.0,January,2022,Winter,2022-01,
2022-01-04,17.3,83.8,8.8,1.8,January,2022,Winter,2022-01,
2022-01-05,16.7,82.3,8.7,3.5,January,2022,Winter,2022-01,
2022-01-06,18.1,81.1,13.3,4.3,January,2022,Winter,2022-01,
2022-01-07,21.8,82.3,7.9,0.8,January,2022,Winter,2022-01,82.14285714285714
2022-01-08,19.3,71.8,7.0,4.5,January,2022,Winter,2022-01,80.41428571428571
2022-01-09,18.3,91.9,4.6,0.9,January,2022,Winter,2022-01,81.82857142857142
2022-01-10,16.8,90.2,10.4,0.0,January,2022,Winter,2022-01,83.34285714285714
2022-01-11,16.5,74.8,6.8,0.0,January,2022,Winter,2022-01,82.05714285714285
2022-01-12,14.8,86.1,9.5,1.9,January,2022,Winter,2022-01,82.60000000000001
2022-01-13,17.8,78.6,12.8,0.0,January,2022,Winter,2022-01,82.24285714285715
2022-01-14,17.2,79.9,8.4,3.2,January,2022,Winter,2022-01,81.89999999999999
2022-01-15,19.9,85.0,7.6,0.7,January,2022,Winter,2022-01,83.78571428571429
2022-01-16,18.3,85.5,10.2,1.3,January,2022,Winter,2022-01,82.87142857142858
2022-01-17,17.2,87.5,5.3,0.9,January,2022,Winter,2022-01,82.48571428571428
2022-01-18,20.5,75.7,17.7,1.2,January,2022,Winter,2022-01,82.61428571428571
2022-01-19,17.2,79.7,8.1,1.6,January,2022,Winter,2022-01,81.7
2022-01-20,20.4,80.8,10.0,0.9,January,2022,Winter,2022-01,82.01428571428572
2022-01-21,19.2,85.5,9.9,3.4,January,2022,Winter,2022-01,82.81428571428572
2022-01-22,18.1,90.2,8.7,2.0,January,2022,Winter,2022-01,83.55714285714286
2022-01-23,20.2,83.8,12.7,2.6,January,2022,Winter,2022-01,83.31428571428572
2022-01-24,21.1,81.2,14.1,2.9,January,2022,Winter,2022-01,82.41428571428573
2022-01-25,13.9,97.3,9.7,3.8,January,2022,Winter,2022-01,85.5
2022-01-26,18.8,76.0,7.5,3.8,January,2022,Winter,2022-01,84.97142857142856
2022-01-27,23.0,76.7,5.8,3.0,January,2022,Winter,2022-01,84.38571428571429
2022-01-28,18.1,76.7,10.1,2.3,January,2022,Winter,2022-01,83.12857142857142
2022-01-29,19.6,80.1,6.3,1.2,January,2022,Winter,2022-01,81.68571428571428
2022-01-30,20.9,89.0,14.5,0.0,January,2022,Winter,2022-01,82.42857142857143
2022-01-31,18.5,84.9,13.6,1.1,January,2022,Winter,2022-01,82.95714285714287
2022-02-01,16.9,74.5,9.2,2.0,February,2022,Summer,2022-02,79.7
2022-02-02,21.4,88.3,6.4,4.8,February,2022,Summer,2022-02,81.45714285714287
2022-02-03,19.2,62.4,8.8,0.0,February,2022,Summer,2022-02,79.41428571428571
2022-02-04,19.8,80.0,4.0,1.0,February,2022,Summer,2022-02,79.88571428571429
2022-02-05,18.7,82.0,6.2,1.5,February,2022,Summer,2022-02,80.15714285714286
2022-02-06,17.1,94.4,8.7,2.8,February,2022,Summer,2022-02,80.92857142857143
2022-02-07,18.7,82.2,8.7,3.3,February,2022,Summer,2022-02,80.54285714285716
2022-02-08,20.9,79.8,10.7,2.8,February,2022,Summer,2022-02,81.3
2022-02-09,24.5,77.9,11.3,3.9,February,2022,Summer,2022-02,79.81428571428572
2022-02-10,21.9,83.3,8.0,3.6,February,2022,Summer,2022-02,82.8
2022-02-11,23.8,73.4,4.9,3.1,February,2022,Summer,2022-02,81.85714285714286
2022-02-12,17.4,84.4,10.4,0.0,February,2022,Summer,2022-02,82.20000000000002
2022-02-13,22.1,72.1,7.0,1.7,February,2022,Summer,2022-02,79.01428571428572
2022-02-14,21.3,88.8,13.0,3.5,February,2022,Summer,2022-02,79.95714285714287
2022-02-15,23.9,71.4,10.2,0.0,February,2022,Summer,2022-02,78.75714285714285
2022-02-16,20.8,77.6,15.6,2.8,February,2022,Summer,2022-02,78.71428571428571
2022-02-17,19.4,89.9,7.5,2.4,February,2022,Summer,2022-02,79.65714285714286
2022-02-18,21.7,74.0,10.1,0.0,February,2022,Summer,2022-02,79.74285714285715
2022-02-19,23.9,96.2,12.9,2.3,February,2022,Summer,2022-02,81.42857142857143
2022-02-20,17.9,82.9,11.7,3.8,February,2022,Summer,2022-02,82.97142857142856
2022-02-21,18.8,94.0,11.7,2.6,February,2022,Summer,2022-02,83.71428571428571
2022-02-22,22.7,74.0,10.9,1.3,February,2022,Summer,2022-02,84.08571428571427
2022-02-23,21.4,82.7,3.1,0.0,February,2022,Summer,2022-02,84.81428571428572
2022-02-24,20.9,89.8,9.7,3.6,February,2022,Summer,2022-02,84.8
2022-02-25,21.0,78.5,8.7,0.0,February,2022,Summer,2022-02,85.44285714285715
2022-02-26,23.9,75.7,11.8,1.1,February,2022,Summer,2022-02,82.51428571428572
2022-02-27,25.6,78.9,9.7,0.0,February,2022,Summer,2022-02,81.94285714285715
2022-02-28,29.7,81.3,13.8,4.6,February,2022,Summer,2022-02,80.12857142857142
2022-03-01,24.1,75.5,12.2,0.0,March,2022,Summer,2022-03,80.34285714285714
2022-03-02,26.5,68.3,10.4,0.0,March,2022,Summer,2022-03,78.28571428571429
2022-03-03,18.3,73.2,8.7,3.3,March,2022,Summer,2022-03,75.91428571428571
2022-03-04,23.1,77.0,10.0,2.7,March,2022,Summer,2022-03,75.7
2022-03-05,21.7,84.0,7.2,0.0,March,2022,Summer,2022-03,76.88571428571429
2022-03-06,24.0,80.5,5.0,1.0,March,2022,Summer,2022-03,77.11428571428573
2022-03-07,27.3,70.5,8.0,5.3,March,2022,Summer,2022-03,75.57142857142857
2022-03-08,22.4,81.0,12.7,2.7,March,2022,Summer,2022-03,76.35714285714286
2022-03-09,22.6,78.1,12.4,6.0,March,2022,Summer,2022-03,77.75714285714285
2022-03-10,28.6,82.3,5.6,3.5,March,2022,Summer,2022-03,79.05714285714285
2022-03-11,26.5,82.8,10.2,0.0,March,2022,Summer,2022-03,79.88571428571429
2022-03-12,23.2,85.7,10.7,2.8,March,2022,Summer,2022-03,80.12857142857142
2022-03-13,24.8,80.1,11.0,1.1,March,2022,Summer,2022-03,80.07142857142857
2022-03-14,25.2,77.4,7.9,0.0,March,2022,Summer,2022-03,81.05714285714285
2022-03-15,29.7,79.1,9.3,0.0,March,2022,Summer,2022-03,80.78571428571429
2022-03-16,23.7,81.2,10.6,2.4,March,2022,Summer,2022-03,81.22857142857143
2022-03-17,23.6,67.5,10.2,1.9,March,2022,Summer,2022-03,79.11428571428573
2022-03-18,24.8,81.2,10.3,2.9,March,2022,Summer,2022-03,78.88571428571429
2022-03-19,24.6,71.9,7.2,0.8,March,2022,Summer,2022-03,76.91428571428571
2022-03-20,28.2,74.9,11.6,1.8,March,2022,Summer,2022-03,76.17142857142858
2022-03-21,25.5,62.3,12.3,3.1,March,2022,Summer,2022-03,74.01428571428572
2022-03-22,27.8,69.3,13.6,1.8,March,2022,Summer,2022-03,72.61428571428571
2022-03-23,26.0,82.0,11.3,1.1,March,2022,Summer,2022-03,72.72857142857143
2022-03-24,28.1,65.6,7.8,0.5,March,2022,Summer,2022-03,72.45714285714287
2022-03-25,29.2,80.2,11.8,1.2,March,2022,Summer,2022-03,72.31428571428572
2022-03-26,28.4,81.3,10.2,1.3,March,2022,Summer,2022-03,73.65714285714286
2022-03-27,27.1,73.6,11.7,1.7,March,2022,Summer,2022-03,73.47142857142856
2022-03-28,22.5,84.1,9.4,0.9,March,2022,Summer,2022-03,76.58571428571429
2022-03-29,28.5,81.9,13.8,3.1,March,2022,Summer,2022-03,78.38571428571429
2022-03-30,24.2,92.1,12.3,0.0,March,2022,Summer,2022-03,79.82857142857142
2022-03-31,27.7,83.5,9.4,0.7,March,2022,Summer,2022-03,82.38571428571427
2022-04-01,29.5,75.2,5.7,3.6,April,2022,Summer,2022-04,81.67142857142856
2022-04-02,28.1,73.6,16.3,3.3,April,2022,Summer,2022-04,80.57142857142857
2022-04-03,27.8,79.6,11.4,0.0,April,2022,Summer,2022-04,81.42857142857143
2022-04-04,25.4,70.4,13.7,0.0,April,2022,Summer,2022-04,79.47142857142856
2022-04-05,28.1,83.1,12.9,1.3,April,2022,Summer,2022-04,79.64285714285714
2022-04-06,25.7,67.8,12.9,0.0,April,2022,Summer,2022-04,76.17142857142856
2022-04-07,26.8,85.4,12.8,1.5,April,2022,Summer,2022-04,76.44285714285714
2022-04-08,28.9,65.2,14.2,3.0,April,2022,Summer,2022-04,75.01428571428572
2022-04-09,27.2,71.6,13.2,3.1,April,2022,Summer,2022-04,74.72857142857143
2022-04-10,29.0,70.5,9.2,0.9,April,2022,Summer,2022-04,73.42857142857143
2022-04-11,29.7,81.0,10.4,0.0,April,2022,Summer,2022-04,74.94285714285715
2022-04-12,33.7,59.2,10.4,1.9,April,2022,Summer,2022-04,71.52857142857142
2022-04-13,29.0,63.4,13.6,0.0,April,2022,Summer,2022-04,70.89999999999999
2022-04-14,30.0,68.0,20.5,6.6,April,2022,Summer,2022-04,68.41428571428571
2022-04-15,28.5,72.2,10.9,1.0,April,2022,Summer,2022-04,69.41428571428573
2022-04-16,31.3,75.4,12.1,3.0,April,2022,Summer,2022-04,69.95714285714286
2022-04-17,28.3,69.9,8.6,1.2,April,2022,Summer,2022-04,69.87142857142858
2022-04-18,24.9,74.0,7.4,4.6,April,2022,Summer,2022-04,68.87142857142858
2022-04-19,28.1,66.8,8.2,0.0,April,2022,Summer,2022-04,69.95714285714287
2022-04-20,30.5,77.2,11.0,2.1,April,2022,Summer,2022-04,71.92857142857143
2022-04-21,31.0,60.5,12.6,0.0,April,2022,Summer,2022-04,70.85714285714286
2022-04-22,28.8,83.5,10.7,0.5,April,2022,Summer,2022-04,72.47142857142858
2022-04-23,32.2,73.0,14.7,3.1,April,2022,Summer,2022-04,72.12857142857143
2022-04-24,33.6,81.8,11.1,2.9,April,2022,Summer,2022-04,73.82857142857142
2022-04-25,33.1,84.9,10.5,0.9,April,2022,Summer,2022-04,75.38571428571429
2022-04-26,34.7,73.0,6.9,3.1,April,2022,Summer,2022-04,76.27142857142859
2022-04-27,29.7,68.0,11.0,3.1,April,2022,Summer,2022-04,74.95714285714287
2022-04-28,28.6,68.4,9.7,1.9,April,2022,Summer,2022-04,76.08571428571429
2022-04-29,32.6,77.2,13.1,1.0,April,2022,Summer,2022-04,75.18571428571428
2022-04-30,29.6,74.9,13.6,0.0,April,2022,Summer,2022-04,75.45714285714287
2022-05-01,33.5,80.6,3.9,0.2,May,2022,Summer,2022-05,75.28571428571429
2022-05-02,34.4,75.0,11.4,3.9,May,2022,Summer,2022-05,73.87142857142858
2022-05-03,32.9,65.6,7.2,1.1,May,2022,Summer,2022-05,72.81428571428572
2022-05-04,35.9,65.6,10.7,1.8,May,2022,Summer,2022-05,72.47142857142858
2022-05-05,30.6,72.8,14.4,2.1,May,2022,Summer,2022-05,73.1
2022-05-06,34.0,80.1,13.9,3.3,May,2022,Summer,2022-05,73.5142857142857
2022-05-07,34.4,60.8,13.1,0.0,May,2022,Summer,2022-05,71.5
2022-05-08,32.0,77.0,5.6,0.0,May,2022,Summer,2022-05,70.98571428571428
2022-05-09,32.2,70.2,11.7,1.8,May,2022,Summer,2022-05,70.3
2022-05-10,33.2,68.7,8.9,0.0,May,2022,Summer,2022-05,70.74285714285715
2022-05-11,31.5,78.9,9.7,3.6,May,2022,Summer,2022-05,72.64285714285714
2022-05-12,34.0,79.6,8.0,0.0,May,2022,Summer,2022-05,73.61428571428573
2022-05-13,37.7,68.3,13.2,0.0,May,2022,Summer,2022-05,71.92857142857143
2022-05-14,35.3,80.1,13.8,0.6,May,2022,Summer,2022-05,74.68571428571428
2022-05-15,30.5,77.1,6.1,0.0,May,2022,Summer,2022-05,74.7
2022-05-16,31.5,74.3,11.2,0.0,May,2022,Summer,2022-05,75.28571428571429
2022-05-17,32.5,68.2,6.3,0.9,May,2022,Summer,2022-05,75.21428571428571
2022-05-18,30.6,67.8,9.0,2.5,May,2022,Summer,2022-05,73.62857142857142
2022-05-19,31.8,79.8,7.1,1.6,May,2022,Summer,2022-05,73.65714285714286
2022-05-20,32.6,74.7,13.5,3.3,May,2022,Summer,2022-05,74.57142857142857
2022-05-21,36.2,74.2,13.5,1.1,May,2022,Summer,2022-05,73.72857142857141
2022-05-22,33.1,60.8,6.3,1.7,May,2022,Summer,2022-05,71.4
2022-05-23,34.3,81.3,7.3,1.2,May,2022,Summer,2022-05,72.39999999999999
2022-05-24,36.6,66.1,4.4,3.7,May,2022,Summer,2022-05,72.1
2022-05-25,34.5,52.8,8.2,3.5,May,2022,Summer,2022-05,69.95714285714286
2022-05-26,34.5,82.6,12.5,0.0,May,2022,Summer,2022-05,70.35714285714285
2022-05-27,34.0,67.9,11.5,1.1,May,2022,Summer,2022-05,69.38571428571429
2022-05-28,34.7,67.2,8.1,0.0,May,2022,Summer,2022-05,68.38571428571429
2022-05-29,35.5,78.7,10.0,6.4,May,2022,Summer,2022-05,70.94285714285714
2022-05-30,36.7,88.0,9.7,1.5,May,2022,Summer,2022-05,71.89999999999999
2022-05-31,35.5,76.0,8.1,0.0,May,2022,Summer,2022-05,73.31428571428572
2022-06-01,34.8,78.4,12.0,8.8,June,2022,Monsoon,2022-06,76.97142857142856
2022-06-02,33.4,81.2,13.1,6.4,June,2022,Monsoon,2022-06,76.77142857142859
2022-06-03,36.8,68.8,10.8,18.3,June,2022,Monsoon,2022-06,76.89999999999999
2022-06-04,36.5,68.8,11.4,0.0,June,2022,Monsoon,2022-06,77.12857142857142
2022-06-05,31.8,70.1,5.5,11.9,June,2022,Monsoon,2022-06,75.89999999999999
2022-06-06,36.1,60.5,9.6,15.8,June,2022,Monsoon,2022-06,71.97142857142858
2022-06-07,36.3,75.6,12.3,0.6,June,2022,Monsoon,2022-06,71.91428571428571
2022-06-08,31.4,79.3,7.5,29.8,June,2022,Monsoon,2022-06,72.04285714285713
2022-06-09,38.3,81.0,8.4,24.8,June,2022,Monsoon,2022-06,72.0142857142857
2022-06-10,36.1,72.3,13.7,21.7,June,2022,Monsoon,2022-06,72.5142857142857
2022-06-11,35.2,70.7,6.9,18.9,June,2022,Monsoon,2022-06,72.78571428571428
2022-06-12,34.7,68.8,11.0,26.6,June,2022,Monsoon,2022-06,72.6
2022-06-13,33.9,78.1,7.0,18.7,June,2022,Monsoon,2022-06,75.11428571428571
2022-06-14,32.0,85.9,11.8,22.6,June,2022,Monsoon,2022-06,76.58571428571427
2022-06-15,34.3,65.2,12.2,36.6,June,2022,Monsoon,2022-06,74.57142857142857
2022-06-16,32.4,77.5,16.1,7.1,June,2022,Monsoon,2022-06,74.07142857142857
2022-06-17,33.0,75.4,10.9,18.8,June,2022,Monsoon,2022-06,74.51428571428572
2022-06-18,39.5,61.3,5.6,29.8,June,2022,Monsoon,2022-06,73.17142857142858
2022-06-19,34.8,64.5,13.8,23.3,June,2022,Monsoon,2022-06,72.55714285714285
2022-06-20,36.6,75.1,9.2,18.0,June,2022,Monsoon,2022-06,72.12857142857142
2022-06-21,35.5,76.2,9.5,12.5,June,2022,Monsoon,2022-06,70.74285714285715
2022-06-22,33.5,68.0,4.1,13.7,June,2022,Monsoon,2022-06,71.14285714285714
2022-06-23,32.1,64.1,10.6,25.2,June,2022,Monsoon,2022-06,69.22857142857143
2022-06-24,33.6,72.7,8.0,34.0,June,2022,Monsoon,2022-06,68.84285714285714
2022-06-25,35.7,78.1,8.0,30.3,June,2022,Monsoon,2022-06,71.24285714285715
2022-06-26,30.7,77.5,3.9,26.6,June,2022,Monsoon,2022-06,73.10000000000001
2022-06-27,36.7,73.2,8.7,19.0,June,2022,Monsoon,2022-06,72.82857142857144
2022-06-28,37.6,59.4,7.1,26.7,June,2022,Monsoon,2022-06,70.42857142857143
2022-06-29,33.5,71.1,14.3,23.4,June,2022,Monsoon,2022-06,70.87142857142858
2022-06-30,35.4,63.4,6.8,9.3,June,2022,Monsoon,2022-06,70.77142857142857
2022-07-01,35.1,66.7,3.5,15.2,July,2022,Monsoon,2022-07,69.91428571428571
2022-07-02,32.0,78.8,12.6,22.9,July,2022,Monsoon,2022-07,70.0142857142857
2022-07-03,36.8,72.7,8.9,14.0,July,2022,Monsoon,2022-07,69.32857142857144
2022-07-04,36.3,79.6,15.4,36.7,July,2022,Monsoon,2022-07,70.24285714285713
2022-07-05,35.3,63.8,11.3,24.7,July,2022,Monsoon,2022-07,70.87142857142857
2022-07-06,35.1,83.7,8.8,30.7,July,2022,Monsoon,2022-07,72.67142857142858
2022-07-07,38.5,72.9,14.6,10.7,July,2022,Monsoon,2022-07,74.02857142857144
2022-07-08,34.2,70.5,11.5,25.6,July,2022,Monsoon,2022-07,74.57142857142857
2022-07-09,33.9,68.2,12.2,19.8,July,2022,Monsoon,2022-07,73.05714285714285
2022-07-10,34.0,74.1,12.7,12.4,July,2022,Monsoon,2022-07,73.25714285714285
2022-07-11,36.5,74.9,14.2,22.6,July,2022,Monsoon,2022-07,72.58571428571427
2022-07-12,33.2,66.3,12.5,30.4,July,2022,Monsoon,2022-07,72.94285714285715
2022-07-13,35.9,80.8,5.7,9.9,July,2022,Monsoon,2022-07,72.52857142857142
2022-07-14,36.9,67.1,8.8,27.9,July,2022,Monsoon,2022-07,71.7
2022-07-15,30.6,64.9,11.3,23.7,July,2022,Monsoon,2022-07,70.9
2022-07-16,34.0,59.3,2.0,16.9,July,2022,Monsoon,2022-07,69.62857142857142
2022-07-17,30.0,65.7,11.2,29.6,July,2022,Monsoon,2022-07,68.42857142857143
2022-07-18,34.5,86.2,11.9,23.8,July,2022,Monsoon,2022-07,70.04285714285714
2022-07-19,34.1,72.8,9.2,4.2,July,2022,Monsoon,2022-07,70.97142857142858
2022-07-20,33.1,67.9,8.6,12.5,July,2022,Monsoon,2022-07,69.12857142857142
2022-07-21,30.5,63.4,11.2,17.9,July,2022,Monsoon,2022-07,68.60000000000001
2022-07-22,33.4,81.1,9.2,43.8,July,2022,Monsoon,2022-07,70.91428571428571
2022-07-23,29.4,61.6,14.7,18.9,July,2022,Monsoon,2022-07,71.24285714285715
2022-07-24,35.5,75.1,11.1,17.5,July,2022,Monsoon,2022-07,72.58571428571427
2022-07-25,31.1,75.5,7.6,21.4,July,2022,Monsoon,2022-07,71.05714285714285
2022-07-26,33.5,62.1,11.7,25.0,July,2022,Monsoon,2022-07,69.52857142857142
2022-07-27,30.2,78.6,7.5,19.7,July,2022,Monsoon,2022-07,71.05714285714285
2022-07-28,32.4,65.3,6.5,33.7,July,2022,Monsoon,2022-07,71.32857142857142
2022-07-29,33.3,78.7,12.1,14.6,July,2022,Monsoon,2022-07,70.98571428571428
2022-07-30,32.2,71.6,14.7,18.9,July,2022,Monsoon,2022-07,72.41428571428571
2022-07-31,31.3,79.0,8.6,22.1,July,2022,Monsoon,2022-07,72.97142857142856
2022-08-01,34.1,81.1,10.9,28.6,August,2022,Monsoon,2022-08,73.77142857142857
2022-08-02,34.8,80.7,5.3,13.1,August,2022,Monsoon,2022-08,76.42857142857143
2022-08-03,30.8,76.9,9.8,31.0,August,2022,Monsoon,2022-08,76.18571428571428
2022-08-04,35.2,54.8,6.3,27.5,August,2022,Monsoon,2022-08,74.68571428571428
2022-08-05,32.3,72.2,17.6,4.3,August,2022,Monsoon,2022-08,73.75714285714285
2022-08-06,32.7,82.0,12.3,29.2,August,2022,Monsoon,2022-08,75.24285714285713
2022-08-07,29.2,78.9,8.0,32.2,August,2022,Monsoon,2022-08,75.22857142857143
2022-08-08,31.0,68.6,11.0,17.6,August,2022,Monsoon,2022-08,73.44285714285715
2022-08-09,33.0,73.0,9.5,29.5,August,2022,Monsoon,2022-08,72.34285714285714
2022-08-10,30.4,65.3,12.0,28.4,August,2022,Monsoon,2022-08,70.68571428571428
2022-08-11,32.4,77.8,7.2,24.6,August,2022,Monsoon,2022-08,73.97142857142858
2022-08-12,30.0,79.4,14.6,15.5,August,2022,Monsoon,2022-08,75.0
2022-08-13,30.9,77.2,10.6,35.0,August,2022,Monsoon,2022-08,74.31428571428572
2022-08-14,33.0,72.4,12.4,23.2,August,2022,Monsoon,2022-08,73.38571428571429
2022-08-15,32.7,71.3,10.4,5.5,August,2022,Monsoon,2022-08,73.77142857142857
2022-08-16,30.5,74.4,10.2,29.1,August,2022,Monsoon,2022-08,73.97142857142856
2022-08-17,27.55,75.9,3.4,18.8,August,2022,Monsoon,2022-08,75.4857142857143
2022-08-18,28.8,68.6,11.8,0.0,August,2022,Monsoon,2022-08,74.17142857142858
2022-08-19,31.5,76.8,17.5,21.2,August,2022,Monsoon,2022-08,73.8
2022-08-20,32.7,76.4,5.8,19.7,August,2022,Monsoon,2022-08,73.68571428571428
2022-08-21,29.2,90.8,8.7,26.9,August,2022,Monsoon,2022-08,76.31428571428572
2022-08-22,29.3,71.6,6.0,5.0,August,2022,Monsoon,2022-08,76.35714285714286
2022-08-23,33.0,74.7,13.1,8.5,August,2022,Monsoon,2022-08,76.39999999999999
2022-08-24,28.8,88.6,9.1,30.1,August,2022,Monsoon,2022-08,78.21428571428571
2022-08-25,29.0,77.5,14.2,38.0,August,2022,Monsoon,2022-08,79.48571428571428
2022-08-26,26.3,64.0,12.5,24.7,August,2022,Monsoon,2022-08,77.65714285714286
2022-08-27,32.7,76.7,6.5,30.3,August,2022,Monsoon,2022-08,77.7
2022-08-28,26.7,72.8,6.3,28.2,August,2022,Monsoon,2022-08,75.12857142857142
2022-08-29,29.2,64.8,10.9,23.8,August,2022,Monsoon,2022-08,74.15714285714286
2022-08-30,29.6,61.0,9.0,27.7,August,2022,Monsoon,2022-08,72.2
2022-08-31,26.3,80.5,10.8,26.6,August,2022,Monsoon,2022-08,71.04285714285714
2022-09-01,31.2,69.4,10.2,10.4,September,2022,Monsoon,2022-09,69.88571428571429
2022-09-02,27.3,71.6,8.5,15.0,September,2022,Monsoon,2022-09,70.97142857142858
2022-09-03,27.8,76.1,12.9,28.6,September,2022,Monsoon,2022-09,70.88571428571429
2022-09-04,28.2,65.4,7.3,25.2,September,2022,Monsoon,2022-09,69.82857142857144
2022-09-05,28.7,81.5,10.5,25.0,September,2022,Monsoon,2022-09,72.21428571428571
2022-09-06,28.8,72.7,10.0,23.4,September,2022,Monsoon,2022-09,73.88571428571429
2022-09-07,26.2,73.8,9.9,0.0,September,2022,Monsoon,2022-09,72.92857142857143
2022-09-08,32.7,79.9,6.1,9.4,September,2022,Monsoon,2022-09,74.42857142857143
2022-09-09,31.6,62.9,8.9,11.4,September,2022,Monsoon,2022-09,73.18571428571428
2022-09-10,28.7,70.6,10.9,27.6,September,2022,Monsoon,2022-09,72.4
2022-09-11,23.3,73.4,7.5,16.0,September,2022,Monsoon,2022-09,73.54285714285713
2022-09-12,28.0,56.7,8.0,0.1,September,2022,Monsoon,2022-09,70.0
2022-09-13,25.4,80.6,7.0,30.5,September,2022,Monsoon,2022-09,71.12857142857142
2022-09-14,26.4,76.1,10.2,3.7,September,2022,Monsoon,2022-09,71.45714285714286
2022-09-15,27.7,56.4,9.9,16.1,September,2022,Monsoon,2022-09,68.1
2022-09-16,31.2,75.6,11.0,19.3,September,2022,Monsoon,2022-09,69.91428571428571
2022-09-17,26.2,74.1,9.0,23.6,September,2022,Monsoon,2022-09,70.41428571428571
2022-09-18,26.2,81.7,10.0,20.2,September,2022,Monsoon,2022-09,71.6
2022-09-19,27.3,78.4,9.2,22.8,September,2022,Monsoon,2022-09,74.7
2022-09-20,28.5,90.5,9.8,4.8,September,2022,Monsoon,2022-09,76.11428571428571
2022-09-21,25.1,73.4,7.0,23.2,September,2022,Monsoon,2022-09,75.72857142857143
2022-09-22,24.6,72.8,14.2,3.1,September,2022,Monsoon,2022-09,78.07142857142857
2022-09-23,26.8,82.7,4.6,14.1,September,2022,Monsoon,2022-09,79.08571428571429
2022-09-24,26.2,81.0,13.1,35.4,September,2022,Monsoon,2022-09,80.07142857142857
2022-09-25,24.9,87.8,11.8,22.1,September,2022,Monsoon,2022-09,80.94285714285715
2022-09-26,24.2,72.4,6.0,33.6,September,2022,Monsoon,2022-09,80.08571428571429
2022-09-27,25.1,93.5,11.1,18.3,September,2022,Monsoon,2022-09,80.51428571428572
2022-09-28,24.6,72.6,10.6,2.8,September,2022,Monsoon,2022-09,80.39999999999999
2022-09-29,23.1,72.4,10.2,37.5,September,2022,Monsoon,2022-09,80.34285714285714
2022-09-30,27.8,68.9,10.8,28.4,September,2022,Monsoon,2022-09,78.37142857142858
2022-10-01,27.6,79.1,11.3,6.6,October,2022,Winter,2022-10,78.10000000000001
2022-10-02,25.7,73.4,5.4,5.1,October,2022,Winter,2022-10,76.04285714285713
2022-10-03,23.9,77.8,5.8,4.2,October,2022,Winter,2022-10,76.81428571428572
2022-10-04,26.9,74.0,14.3,14.1,October,2022,Winter,2022-10,74.02857142857144
2022-10-05,25.2,70.8,7.2,2.3,October,2022,Winter,2022-10,73.77142857142857
2022-10-06,22.2,67.0,16.5,9.6,October,2022,Winter,2022-10,73.0
2022-10-07,19.5,86.4,9.5,10.7,October,2022,Winter,2022-10,75.5
2022-10-08,23.0,89.8,11.1,1.8,October,2022,Winter,2022-10,77.02857142857142
2022-10-09,24.6,83.7,15.9,15.3,October,2022,Winter,2022-10,78.5
2022-10-10,21.1,74.7,7.9,4.1,October,2022,Winter,2022-10,78.05714285714285
2022-10-11,22.5,64.7,13.2,2.2,October,2022,Winter,2022-10,76.72857142857143
2022-10-12,24.4,71.7,9.5,8.6,October,2022,Winter,2022-10,76.85714285714286
2022-10-13,22.9,89.4,9.5,7.6,October,2022,Winter,2022-10,80.05714285714286
2022-10-14,23.4,75.4,6.3,9.8,October,2022,Winter,2022-10,78.48571428571428
2022-10-15,21.3,88.7,14.0,2.8,October,2022,Winter,2022-10,78.32857142857142
2022-10-16,21.2,94.7,5.9,2.5,October,2022,Winter,2022-10,79.9
2022-10-17,21.8,77.0,9.3,4.0,October,2022,Winter,2022-10,80.22857142857143
2022-10-18,22.6,77.2,8.4,2.1,October,2022,Winter,2022-10,82.01428571428572
2022-10-19,25.5,74.0,9.2,13.1,October,2022,Winter,2022-10,82.34285714285714
2022-10-20,23.9,83.7,13.7,0.0,October,2022,Winter,2022-10,81.52857142857144
2022-10-21,20.4,86.4,9.0,2.9,October,2022,Winter,2022-10,83.10000000000001
2022-10-22,21.3,98.0,9.1,5.5,October,2022,Winter,2022-10,84.42857142857143
2022-10-23,19.2,81.0,10.6,0.4,October,2022,Winter,2022-10,82.47142857142858
2022-10-24,20.7,94.5,8.8,11.7,October,2022,Winter,2022-10,84.97142857142858
2022-10-25,21.0,83.4,10.9,11.9,October,2022,Winter,2022-10,85.85714285714286
2022-10-26,17.7,82.3,11.3,7.9,October,2022,Winter,2022-10,87.04285714285713
2022-10-27,22.2,83.1,10.7,15.8,October,2022,Winter,2022-10,86.95714285714287
2022-10-28,21.8,69.5,13.5,6.2,October,2022,Winter,2022-10,84.54285714285713
2022-10-29,23.5,79.6,8.3,6.9,October,2022,Winter,2022-10,81.91428571428571
2022-10-30,19.7,87.3,11.0,5.6,October,2022,Winter,2022-10,82.81428571428572
2022-10-31,24.5,105.0,11.6,4.1,October,2022,Winter,2022-10,84.31428571428572
2022-11-01,21.2,75.4,10.9,0.6,November,2022,Winter,2022-11,83.17142857142856
2022-11-02,24.1,77.3,9.8,0.0,November,2022,Winter,2022-11,82.45714285714287
2022-11-03,18.6,80.4,8.2,1.8,November,2022,Winter,2022-11,82.07142857142857
2022-11-04,20.1,77.8,14.7,5.6,November,2022,Winter,2022-11,83.25714285714285
2022-11-05,17.2,80.6,6.5,1.0,November,2022,Winter,2022-11,83.39999999999999
2022-11-06,20.2,82.4,6.7,2.0,November,2022,Winter,2022-11,82.7
2022-11-07,21.6,63.8,45.0,3.1,November,2022,Winter,2022-11,76.81428571428572
2022-11-08,20.1,88.1,9.3,3.1,November,2022,Winter,2022-11,78.62857142857142
2022-11-09,17.0,63.9,9.7,5.7,November,2022,Winter,2022-11,76.71428571428571
2022-11-10,16.9,90.3,9.8,0.0,November,2022,Winter,2022-11,78.12857142857142
2022-11-11,17.7,82.1,14.3,0.0,November,2022,Winter,2022-11,78.74285714285713
2022-11-12,16.8,83.8,12.6,3.6,November,2022,Winter,2022-11,79.2
2022-11-13,19.7,67.2,7.6,1.9,November,2022,Winter,2022-11,77.02857142857142
2022-11-14,19.3,84.7,10.6,4.1,November,2022,Winter,2022-11,80.01428571428572
2022-11-15,17.3,69.6,12.2,0.3,November,2022,Winter,2022-11,77.37142857142858
2022-11-16,18.2,78.1,2.3,1.5,November,2022,Winter,2022-11,79.39999999999999
2022-11-17,15.5,91.1,10.2,0.0,November,2022,Winter,2022-11,79.51428571428572
2022-11-18,15.6,77.9,13.2,0.9,November,2022,Winter,2022-11,78.91428571428571
2022-11-19,18.8,89.0,6.3,0.4,November,2022,Winter,2022-11,79.65714285714286
2022-11-20,16.5,92.3,10.7,2.8,November,2022,Winter,2022-11,83.24285714285713
2022-11-21,18.6,72.6,11.3,0.0,November,2022,Winter,2022-11,81.5142857142857
2022-11-22,18.0,78.6,5.7,3.3,November,2022,Winter,2022-11,82.8
2022-11-23,17.9,78.5,12.1,2.5,November,2022,Winter,2022-11,82.85714285714286
2022-11-24,17.7,93.5,14.4,1.8,November,2022,Winter,2022-11,83.2
2022-11-25,14.7,92.4,6.5,0.0,November,2022,Winter,2022-11,85.27142857142857
2022-11-26,13.2,79.0,17.5,1.1,November,2022,Winter,2022-11,83.84285714285714
2022-11-27,13.7,97.6,11.2,0.0,November,2022,Winter,2022-11,84.60000000000001
2022-11-28,20.2,76.2,5.8,4.8,November,2022,Winter,2022-11,85.11428571428571
2022-11-29,21.3,85.2,13.1,1.6,November,2022,Winter,2022-11,86.05714285714285
2022-11-30,18.9,91.3,11.9,0.9,November,2022,Winter,2022-11,87.88571428571427
2022-12-01,16.1,76.3,9.8,2.7,December,2022,Winter,2022-12,85.42857142857143
2022-12-02,15.1,83.1,13.8,1.5,December,2022,Winter,2022-12,84.10000000000001
2022-12-03,16.9,89.1,11.1,1.6,December,2022,Winter,2022-12,85.54285714285713
2022-12-04,20.3,85.4,16.1,0.0,December,2022,Winter,2022-12,83.79999999999998
2022-12-05,16.7,83.3,19.6,0.1,December,2022,Winter,2022-12,84.8142857142857
2022-12-06,14.5,84.9,8.4,1.4,December,2022,Winter,2022-12,84.77142857142857
2022-12-07,17.0,89.9,6.4,2.9,December,2022,Winter,2022-12,84.57142857142857
2022-12-08,13.2,80.9,10.9,4.1,December,2022,Winter,2022-12,85.22857142857143
2022-12-09,18.6,81.7,11.2,2.9,December,2022,Winter,2022-12,85.02857142857144
2022-12-10,16.6,82.3,8.1,3.6,December,2022,Winter,2022-12,84.05714285714285
2022-12-11,19.3,83.5,12.3,0.3,December,2022,Winter,2022-12,83.78571428571429
2022-12-12,16.0,89.2,7.3,0.9,December,2022,Winter,2022-12,84.62857142857142
2022-12-13,14.4,78.8,13.3,3.5,December,2022,Winter,2022-12,83.75714285714287
2022-12-14,18.1,80.4,12.3,1.3,December,2022,Winter,2022-12,82.39999999999999
2022-12-15,15.2,84.4,7.8,0.0,December,2022,Winter,2022-12,82.9
2022-12-16,13.9,87.6,10.0,0.0,December,2022,Winter,2022-12,83.74285714285713
2022-12-17,27.55,80.0,8.4,3.6,December,2022,Winter,2022-12,83.41428571428571
2022-12-18,14.0,76.6,7.5,2.4,December,2022,Winter,2022-12,82.42857142857143
2022-12-19,13.1,86.9,6.3,0.0,December,2022,Winter,2022-12,82.1
2022-12-20,19.0,76.8,7.6,1.2,December,2022,Winter,2022-12,81.81428571428572
2022-12-21,19.0,78.1,9.8,2.5,December,2022,Winter,2022-12,81.48571428571428
2022-12-22,18.0,90.2,12.8,3.9,December,2022,Winter,2022-12,82.31428571428572
2022-12-23,16.5,85.9,11.6,0.0,December,2022,Winter,2022-12,82.07142857142857
2022-12-24,15.7,90.4,14.3,0.8,December,2022,Winter,2022-12,83.55714285714285
2022-12-25,14.2,90.1,11.8,1.2,December,2022,Winter,2022-12,85.48571428571428
2022-12-26,18.3,79.9,13.6,1.4,December,2022,Winter,2022-12,84.48571428571428
2022-12-27,18.3,91.8,17.4,1.6,December,2022,Winter,2022-12,86.62857142857145
2022-12-28,20.6,80.3,10.0,2.0,December,2022,Winter,2022-12,86.94285714285715
2022-12-29,16.5,69.0,7.1,1.8,December,2022,Winter,2022-12,83.91428571428571
2022-12-30,17.4,85.3,8.0,2.1,December,2022,Winter,2022-12,83.82857142857142
2022-12-31,13.5,84.5,9.2,1.0,December,2022,Winter,2022-12,82.98571428571428
2023-01-01,15.6,78.1,14.8,1.9,January,2023,Winter,2023-01,81.27142857142857
2023-01-02,18.2,84.9,13.5,0.0,January,2023,Winter,2023-01,81.98571428571428
2023-01-03,18.1,76.3,12.0,2.0,January,2023,Winter,2023-01,79.77142857142857
2023-01-04,17.0,82.6,5.6,4.0,January,2023,Winter,2023-01,80.1
2023-01-05,18.2,90.6,10.8,0.9,January,2023,Winter,2023-01,83.18571428571428
2023-01-06,17.2,85.7,6.3,2.0,January,2023,Winter,2023-01,83.24285714285715
2023-01-07,15.8,86.0,12.6,2.6,January,2023,Winter,2023-01,83.45714285714287
2023-01-08,17.4,78.2,7.4,0.3,January,2023,Winter,2023-01,83.47142857142856
2023-01-09,15.6,84.5,8.3,3.0,January,2023,Winter,2023-01,83.41428571428571
2023-01-10,15.5,75.6,11.3,0.0,January,2023,Winter,2023-01,83.31428571428572
2023-01-11,19.8,85.9,7.5,1.1,January,2023,Winter,2023-01,83.78571428571429
2023-01-12,15.1,85.5,12.4,2.3,January,2023,Winter,2023-01,83.05714285714285
2023-01-13,19.8,83.0,9.8,0.0,January,2023,Winter,2023-01,82.67142857142856
2023-01-14,16.3,85.8,10.3,0.0,January,2023,Winter,2023-01,82.64285714285714
2023-01-15,18.8,75.0,10.5,3.7,January,2023,Winter,2023-01,82.18571428571428
2023-01-16,17.5,80.8,9.2,2.7,January,2023,Winter,2023-01,81.65714285714286
2023-01-17,19.3,84.2,6.3,0.7,January,2023,Winter,2023-01,82.88571428571429
2023-01-18,20.3,73.5,13.3,0.0,January,2023,Winter,2023-01,81.11428571428571
2023-01-19,16.9,84.3,11.0,1.2,January,2023,Winter,2023-01,80.94285714285715
2023-01-20,16.6,85.6,8.7,2.1,January,2023,Winter,2023-01,81.3142857142857
2023-01-21,19.0,87.4,14.0,0.2,January,2023,Winter,2023-01,81.54285714285716
2023-01-22,21.8,89.3,11.0,1.1,January,2023,Winter,2023-01,83.58571428571429
2023-01-23,20.3,80.1,13.7,0.3,January,2023,Winter,2023-01,83.48571428571428
2023-01-24,14.5,98.0,9.2,2.8,January,2023,Winter,2023-01,85.45714285714284
2023-01-25,22.0,87.0,13.3,4.2,January,2023,Winter,2023-01,87.38571428571427
2023-01-26,18.3,95.7,10.9,1.5,January,2023,Winter,2023-01,89.01428571428572
2023-01-27,20.9,87.7,10.4,0.9,January,2023,Winter,2023-01,89.31428571428572
2023-01-28,19.1,78.5,7.5,0.0,January,2023,Winter,2023-01,88.04285714285713
2023-01-29,22.4,84.9,7.8,2.2,January,2023,Winter,2023-01,87.41428571428573
2023-01-30,22.2,80.7,10.9,3.2,January,2023,Winter,2023-01,87.5
2023-01-31,20.7,78.4,7.2,3.4,January,2023,Winter,2023-01,84.70000000000002
2023-02-01,17.4,87.0,9.4,3.1,February,2023,Summer,2023-02,84.70000000000002
2023-02-02,18.9,83.3,8.9,0.2,February,2023,Summer,2023-02,82.92857142857143
2023-02-03,20.6,86.5,11.1,2.3,February,2023,Summer,2023-02,82.75714285714285
2023-02-04,18.4,78.6,13.1,1.3,February,2023,Summer,2023-02,82.77142857142857
2023-02-05,16.2,81.9,4.6,0.2,February,2023,Summer,2023-02,82.34285714285716
2023-02-06,18.1,82.2,13.3,0.0,February,2023,Summer,2023-02,82.55714285714285
2023-02-07,19.8,76.6,9.6,0.0,February,2023,Summer,2023-02,82.3
2023-02-08,19.6,77.9,10.3,0.9,February,2023,Summer,2023-02,81.0
2023-02-09,19.8,79.6,11.5,2.5,February,2023,Summer,2023-02,80.47142857142856
2023-02-10,19.5,82.7,11.9,0.8,February,2023,Summer,2023-02,79.92857142857143
2023-02-11,21.0,77.2,7.1,0.1,February,2023,Summer,2023-02,79.72857142857143
2023-02-12,22.7,87.2,6.8,120.0,February,2023,Summer,2023-02,80.48571428571428
2023-02-13,19.0,76.9,13.5,0.0,February,2023,Summer,2023-02,79.72857142857143
2023-02-14,19.0,83.2,10.6,0.1,February,2023,Summer,2023-02,80.67142857142858
2023-02-15,20.0,71.8,10.2,0.0,February,2023,Summer,2023-02,79.8
2023-02-16,19.3,89.1,10.5,1.6,February,2023,Summer,2023-02,81.15714285714286
2023-02-17,24.5,67.9,3.8,0.0,February,2023,Summer,2023-02,79.04285714285713
2023-02-18,20.9,81.1,6.0,1.9,February,2023,Summer,2023-02,79.60000000000001
2023-02-19,18.6,80.4,9.7,0.0,February,2023,Summer,2023-02,78.62857142857142
2023-02-20,21.8,85.7,9.0,2.3,February,2023,Summer,2023-02,79.88571428571429
2023-02-21,21.5,81.2,12.8,5.1,February,2023,Summer,2023-02,79.60000000000001
2023-02-22,25.3,78.5,6.5,2.2,February,2023,Summer,2023-02,80.55714285714285
2023-02-23,23.2,77.4,8.0,0.0,February,2023,Summer,2023-02,78.88571428571429
2023-02-24,23.7,74.5,5.5,0.0,February,2023,Summer,2023-02,79.82857142857142
2023-02-25,20.5,79.7,7.6,4.2,February,2023,Summer,2023-02,79.62857142857142
2023-02-26,21.9,88.4,8.8,3.1,February,2023,Summer,2023-02,80.77142857142857
2023-02-27,22.1,91.7,8.5,2.4,February,2023,Summer,2023-02,81.62857142857145
2023-02-28,20.3,77.6,18.4,2.6,February,2023,Summer,2023-02,81.11428571428571
2023-03-01,26.3,71.7,12.0,0.0,March,2023,Summer,2023-03,80.14285714285714
2023-03-02,24.0,68.1,18.4,1.4,March,2023,Summer,2023-03,78.81428571428572
2023-03-03,22.2,91.5,13.3,3.2,March,2023,Summer,2023-03,81.24285714285715
2023-03-04,25.7,68.7,9.5,3.4,March,2023,Summer,2023-03,79.67142857142858
2023-03-05,17.9,86.1,2.6,0.0,March,2023,Summer,2023-03,79.34285714285714
2023-03-06,25.0,83.7,10.8,1.7,March,2023,Summer,2023-03,78.2
2023-03-07,25.5,73.2,13.6,2.9,March,2023,Summer,2023-03,77.57142857142857
2023-03-08,25.2,77.0,11.3,2.5,March,2023,Summer,2023-03,78.32857142857142
2023-03-09,24.1,81.5,9.6,1.8,March,2023,Summer,2023-03,80.24285714285715
2023-03-10,27.1,76.7,8.5,1.6,March,2023,Summer,2023-03,78.12857142857142
2023-03-11,23.1,80.9,9.0,2.8,March,2023,Summer,2023-03,79.87142857142858
2023-03-12,28.8,82.3,7.4,0.3,March,2023,Summer,2023-03,79.32857142857142
2023-03-13,26.2,76.3,9.3,0.7,March,2023,Summer,2023-03,78.27142857142857
2023-03-14,23.3,79.1,3.5,0.0,March,2023,Summer,2023-03,79.11428571428571
2023-03-15,24.7,84.2,13.1,3.8,March,2023,Summer,2023-03,80.14285714285714
2023-03-16,26.3,75.7,12.9,2.2,March,2023,Summer,2023-03,79.3142857142857
2023-03-17,22.5,80.4,9.9,0.0,March,2023,Summer,2023-03,79.84285714285714
2023-03-18,24.8,78.7,11.4,3.9,March,2023,Summer,2023-03,79.52857142857144
2023-03-19,25.3,80.0,11.5,4.7,March,2023,Summer,2023-03,79.2
2023-03-20,23.2,80.1,12.6,0.0,March,2023,Summer,2023-03,79.74285714285715
2023-03-21,26.7,90.0,10.4,0.0,March,2023,Summer,2023-03,81.3
2023-03-22,22.9,81.0,7.9,1.7,March,2023,Summer,2023-03,80.84285714285714
2023-03-23,25.6,67.8,6.6,2.0,March,2023,Summer,2023-03,79.71428571428571
2023-03-24,28.2,70.9,8.1,0.5,March,2023,Summer,2023-03,78.35714285714286
2023-03-25,27.5,67.7,9.4,2.2,March,2023,Summer,2023-03,76.78571428571429
2023-03-26,26.3,76.0,14.5,2.0,March,2023,Summer,2023-03,76.21428571428571
2023-03-27,26.4,81.4,10.9,0.6,March,2023,Summer,2023-03,76.39999999999999
2023-03-28,27.7,75.0,10.9,0.0,March,2023,Summer,2023-03,74.25714285714285
2023-03-29,26.9,66.8,4.1,2.5,March,2023,Summer,2023-03,72.22857142857143
2023-03-30,29.3,60.5,8.3,1.9,March,2023,Summer,2023-03,71.18571428571428
2023-03-31,31.4,80.4,12.7,1.9,March,2023,Summer,2023-03,72.54285714285714
2023-04-01,27.8,76.7,10.9,0.7,April,2023,Summer,2023-04,73.82857142857144
2023-04-02,27.2,81.8,11.3,1.4,April,2023,Summer,2023-04,74.65714285714286
2023-04-03,28.6,84.8,10.2,0.0,April,2023,Summer,2023-04,75.14285714285714
2023-04-04,23.5,65.2,10.4,2.3,April,2023,Summer,2023-04,73.74285714285715
2023-04-05,29.4,78.3,10.2,2.3,April,2023,Summer,2023-04,75.38571428571429
2023-04-06,28.1,74.3,6.3,3.9,April,2023,Summer,2023-04,77.35714285714286
2023-04-07,30.5,61.4,7.3,2.3,April,2023,Summer,2023-04,74.64285714285714
2023-04-08,26.5,71.7,10.3,0.2,April,2023,Summer,2023-04,73.92857142857143
2023-04-09,29.0,68.3,8.9,3.2,April,2023,Summer,2023-04,72.0
2023-04-10,27.5,80.5,11.7,0.4,April,2023,Summer,2023-04,71.38571428571429
2023-04-11,29.0,87.5,8.2,1.4,April,2023,Summer,2023-04,74.57142857142857
2023-04-12,30.8,78.6,13.6,2.2,April,2023,Summer,2023-04,74.61428571428571
2023-04-13,30.4,79.8,10.4,3.3,April,2023,Summer,2023-04,75.39999999999999
2023-04-14,28.2,75.9,10.9,0.0,April,2023,Summer,2023-04,77.47142857142856
2023-04-15,27.9,86.8,10.0,0.0,April,2023,Summer,2023-04,79.62857142857142
2023-04-16,29.5,88.2,12.8,3.3,April,2023,Summer,2023-04,82.47142857142856
2023-04-17,30.4,83.5,14.8,2.5,April,2023,Summer,2023-04,82.89999999999999
2023-04-18,31.5,71.4,5.7,3.0,April,2023,Summer,2023-04,80.60000000000001
2023-04-19,30.2,73.3,11.3,0.0,April,2023,Summer,2023-04,79.84285714285714
2023-04-20,30.1,68.3,13.1,4.0,April,2023,Summer,2023-04,78.20000000000002
2023-04-21,30.0,73.9,8.9,2.8,April,2023,Summer,2023-04,77.91428571428571
2023-04-22,30.1,67.5,8.0,0.1,April,2023,Summer,2023-04,75.15714285714286
2023-04-23,28.2,75.9,9.3,4.2,April,2023,Summer,2023-04,73.39999999999999
2023-04-24,31.9,77.4,12.7,3.0,April,2023,Summer,2023-04,72.52857142857144
2023-04-25,33.5,70.7,9.8,0.0,April,2023,Summer,2023-04,72.42857142857143
2023-04-26,29.7,67.6,10.9,5.7,April,2023,Summer,2023-04,71.61428571428571
2023-04-27,28.0,77.8,14.3,1.7,April,2023,Summer,2023-04,72.97142857142858
2023-04-28,36.6,64.4,9.1,0.2,April,2023,Summer,2023-04,71.61428571428571
2023-04-29,29.7,71.0,13.2,1.9,April,2023,Summer,2023-04,72.11428571428571
2023-04-30,31.1,70.6,7.2,0.0,April,2023,Summer,2023-04,71.35714285714286
2023-05-01,30.1,72.6,9.5,0.0,May,2023,Summer,2023-05,70.67142857142858
2023-05-02,35.0,70.8,14.7,5.4,May,2023,Summer,2023-05,70.68571428571428
2023-05-03,31.5,89.7,14.9,0.0,May,2023,Summer,2023-05,73.84285714285714
2023-05-04,30.0,90.2,13.2,2.3,May,2023,Summer,2023-05,75.61428571428571
2023-05-05,32.3,74.1,11.2,1.8,May,2023,Summer,2023-05,77.0
2023-05-06,33.7,81.1,9.5,0.0,May,2023,Summer,2023-05,78.44285714285715
2023-05-07,30.3,79.9,12.6,0.7,May,2023,Summer,2023-05,79.77142857142857
2023-05-08,31.5,81.3,11.4,0.0,May,2023,Summer,2023-05,81.0142857142857
2023-05-09,32.1,69.9,12.9,0.0,May,2023,Summer,2023-05,80.88571428571429
2023-05-10,33.9,58.3,10.7,0.6,May,2023,Summer,2023-05,76.39999999999999
2023-05-11,33.9,66.2,5.5,0.0,May,2023,Summer,2023-05,72.97142857142856
2023-05-12,36.4,67.9,5.9,1.2,May,2023,Summer,2023-05,72.08571428571429
2023-05-13,30.6,82.1,10.4,1.0,May,2023,Summer,2023-05,72.22857142857143
2023-05-14,31.6,70.8,15.3,1.3,May,2023,Summer,2023-05,70.92857142857143
2023-05-15,28.5,83.5,9.6,1.5,May,2023,Summer,2023-05,71.24285714285715
2023-05-16,32.6,77.2,8.7,0.4,May,2023,Summer,2023-05,72.28571428571429
2023-05-17,33.6,64.4,10.4,0.3,May,2023,Summer,2023-05,73.15714285714286
2023-05-18,30.5,67.3,7.1,0.0,May,2023,Summer,2023-05,73.3142857142857
2023-05-19,34.0,66.4,10.6,1.5,May,2023,Summer,2023-05,73.1
2023-05-20,33.7,77.2,9.5,0.2,May,2023,Summer,2023-05,72.4
2023-05-21,34.2,70.5,6.5,0.0,May,2023,Summer,2023-05,72.35714285714286
2023-05-22,31.8,72.1,10.4,2.1,May,2023,Summer,2023-05,70.72857142857143
2023-05-23,34.9,74.8,9.7,0.3,May,2023,Summer,2023-05,70.38571428571429
2023-05-24,31.1,72.8,11.5,2.5,May,2023,Summer,2023-05,71.58571428571429
2023-05-25,32.8,69.9,6.0,0.0,May,2023,Summer,2023-05,71.95714285714286
2023-05-26,37.6,57.7,9.4,1.0,May,2023,Summer,2023-05,70.71428571428571
2023-05-27,34.7,79.0,14.8,1.2,May,2023,Summer,2023-05,70.97142857142856
2023-05-28,29.4,61.4,10.1,0.0,May,2023,Summer,2023-05,69.67142857142856
2023-05-29,35.0,75.3,6.7,2.2,May,2023,Summer,2023-05,70.12857142857142
2023-05-30,33.5,71.2,7.1,1.7,May,2023,Summer,2023-05,69.61428571428571
2023-05-31,33.6,70.4,10.7,0.0,May,2023,Summer,2023-05,69.27142857142857
2023-06-01,33.4,58.9,4.1,16.1,June,2023,Monsoon,2023-06,67.7
2023-06-02,38.9,69.0,10.1,0.0,June,2023,Monsoon,2023-06,69.31428571428572
2023-06-03,34.6,75.3,4.7,17.6,June,2023,Monsoon,2023-06,68.78571428571429
2023-06-04,32.0,77.2,9.1,22.1,June,2023,Monsoon,2023-06,71.04285714285713
2023-06-05,34.2,74.3,12.1,3.1,June,2023,Monsoon,2023-06,70.9
2023-06-06,4.0,67.5,15.0,11.9,June,2023,Monsoon,2023-06,70.37142857142857
2023-06-07,33.1,61.7,14.5,11.1,June,2023,Monsoon,2023-06,69.12857142857142
2023-06-08,34.4,72.1,5.5,23.6,June,2023,Monsoon,2023-06,71.0142857142857
2023-06-09,32.6,70.5,10.4,14.5,June,2023,Monsoon,2023-06,71.22857142857143
2023-06-10,32.7,74.3,11.4,16.1,June,2023,Monsoon,2023-06,71.08571428571429
2023-06-11,32.8,77.7,9.8,14.3,June,2023,Monsoon,2023-06,71.15714285714286
2023-06-12,33.8,71.7,7.1,11.9,June,2023,Monsoon,2023-06,70.78571428571429
2023-06-13,32.7,69.3,8.8,12.3,June,2023,Monsoon,2023-06,71.04285714285714
2023-06-14,36.1,93.2,10.3,29.9,June,2023,Monsoon,2023-06,75.54285714285716
2023-06-15,34.2,80.3,11.2,22.7,June,2023,Monsoon,2023-06,76.71428571428571
2023-06-16,35.3,74.6,12.9,23.1,June,2023,Monsoon,2023-06,77.3
2023-06-17,37.2,66.3,6.5,25.5,June,2023,Monsoon,2023-06,76.15714285714286
2023-06-18,35.9,78.6,8.7,0.0,June,2023,Monsoon,2023-06,76.28571428571429
2023-06-19,35.5,71.3,8.0,24.8,June,2023,Monsoon,2023-06,76.22857142857143
2023-06-20,34.9,67.3,9.6,1.7,June,2023,Monsoon,2023-06,75.94285714285715
2023-06-21,35.3,72.9,7.2,39.8,June,2023,Monsoon,2023-06,73.04285714285714
2023-06-22,36.2,76.4,16.3,6.7,June,2023,Monsoon,2023-06,72.48571428571428
2023-06-23,35.1,64.1,9.6,17.1,June,2023,Monsoon,2023-06,70.98571428571428
2023-06-24,32.6,71.7,15.2,11.1,June,2023,Monsoon,2023-06,71.75714285714285
2023-06-25,32.4,81.6,11.7,25.3,June,2023,Monsoon,2023-06,72.18571428571428
2023-06-26,35.3,68.7,9.1,9.9,June,2023,Monsoon,2023-06,71.81428571428572
2023-06-27,33.8,67.2,11.0,5.9,June,2023,Monsoon,2023-06,71.8
2023-06-28,35.4,70.7,3.2,7.3,June,2023,Monsoon,2023-06,71.48571428571428
2023-06-29,35.4,67.8,3.6,37.9,June,2023,Monsoon,2023-06,70.25714285714285
2023-06-30,37.2,74.1,8.3,17.3,June,2023,Monsoon,2023-06,71.68571428571428
2023-07-01,35.4,69.6,11.0,34.2,July,2023,Monsoon,2023-07,71.38571428571429
2023-07-02,31.5,66.9,5.8,23.6,July,2023,Monsoon,2023-07,69.28571428571429
2023-07-03,37.1,68.3,11.5,20.1,July,2023,Monsoon,2023-07,69.22857142857143
2023-07-04,36.8,75.1,12.5,30.5,July,2023,Monsoon,2023-07,70.35714285714286
2023-07-05,34.6,74.3,15.8,16.6,July,2023,Monsoon,2023-07,70.87142857142858
2023-07-06,35.8,66.5,13.6,29.7,July,2023,Monsoon,2023-07,70.68571428571428
2023-07-07,36.2,65.6,11.4,28.4,July,2023,Monsoon,2023-07,69.47142857142856
2023-07-08,35.3,57.7,12.1,22.7,July,2023,Monsoon,2023-07,67.77142857142857
2023-07-09,32.8,75.9,7.0,27.2,July,2023,Monsoon,2023-07,69.05714285714286
2023-07-10,34.5,65.2,7.0,24.9,July,2023,Monsoon,2023-07,68.61428571428571
2023-07-11,35.1,67.0,17.0,27.6,July,2023,Monsoon,2023-07,67.45714285714286
2023-07-12,34.1,73.7,10.5,6.7,July,2023,Monsoon,2023-07,67.37142857142857
2023-07-13,32.7,76.2,7.1,25.2,July,2023,Monsoon,2023-07,68.75714285714287
2023-07-14,33.3,81.1,14.2,8.7,July,2023,Monsoon,2023-07,70.97142857142858
2023-07-15,35.5,78.6,4.6,10.8,July,2023,Monsoon,2023-07,73.95714285714287
2023-07-16,37.8,71.7,9.0,27.5,July,2023,Monsoon,2023-07,73.35714285714286
2023-07-17,33.9,72.8,10.5,36.3,July,2023,Monsoon,2023-07,74.44285714285715
2023-07-18,30.7,77.2,4.9,23.2,July,2023,Monsoon,2023-07,75.89999999999999
2023-07-19,31.3,71.1,12.1,14.3,July,2023,Monsoon,2023-07,75.52857142857144
2023-07-20,30.8,63.1,14.0,22.0,July,2023,Monsoon,2023-07,73.65714285714284
2023-07-21,32.7,55.7,14.4,22.5,July,2023,Monsoon,2023-07,70.02857142857142
2023-07-22,34.4,71.9,14.4,35.7,July,2023,Monsoon,2023-07,69.07142857142857
2023-07-23,34.9,66.7,12.3,25.7,July,2023,Monsoon,2023-07,68.35714285714286
2023-07-24,34.7,67.4,7.6,21.2,July,2023,Monsoon,2023-07,67.58571428571429
2023-07-25,32.4,81.4,10.2,18.4,July,2023,Monsoon,2023-07,68.18571428571428
2023-07-26,33.0,64.0,8.3,4.3,July,2023,Monsoon,2023-07,67.17142857142858
2023-07-27,37.7,81.6,10.2,22.2,July,2023,Monsoon,2023-07,69.81428571428572
2023-07-28,32.0,75.9,8.8,21.0,July,2023,Monsoon,2023-07,72.7
2023-07-29,32.2,79.7,11.4,31.5,July,2023,Monsoon,2023-07,73.81428571428572
2023-07-30,34.2,85.1,12.2,29.6,July,2023,Monsoon,2023-07,76.44285714285715
2023-07-31,33.3,72.1,13.8,9.3,July,2023,Monsoon,2023-07,77.11428571428571
2023-08-01,35.4,62.0,14.2,25.6,August,2023,Monsoon,2023-08,74.34285714285714
2023-08-02,33.2,71.8,14.3,32.5,August,2023,Monsoon,2023-08,75.45714285714284
2023-08-03,31.9,68.9,13.1,11.1,August,2023,Monsoon,2023-08,73.64285714285714
2023-08-04,28.3,71.5,8.8,32.2,August,2023,Monsoon,2023-08,73.0142857142857
2023-08-05,34.9,85.4,7.3,14.8,August,2023,Monsoon,2023-08,73.82857142857142
2023-08-06,34.1,64.7,9.8,20.7,August,2023,Monsoon,2023-08,70.91428571428571
2023-08-07,29.2,72.6,14.2,24.1,August,2023,Monsoon,2023-08,70.98571428571428
2023-08-08,30.7,71.4,12.6,13.0,August,2023,Monsoon,2023-08,72.32857142857144
2023-08-09,31.7,70.8,8.3,8.9,August,2023,Monsoon,2023-08,72.18571428571428
2023-08-10,32.9,74.7,8.6,22.3,August,2023,Monsoon,2023-08,73.01428571428572
2023-08-11,32.1,73.3,11.4,19.6,August,2023,Monsoon,2023-08,73.27142857142857
2023-08-12,31.0,90.1,13.4,19.4,August,2023,Monsoon,2023-08,73.94285714285715
2023-08-13,33.4,57.5,10.1,16.3,August,2023,Monsoon,2023-08,72.91428571428571
2023-08-14,30.6,70.2,12.7,23.7,August,2023,Monsoon,2023-08,72.57142857142857
2023-08-15,32.4,65.7,9.0,24.6,August,2023,Monsoon,2023-08,71.75714285714285
2023-08-16,29.2,85.7,6.4,27.7,August,2023,Monsoon,2023-08,73.88571428571429
2023-08-17,31.3,71.9,14.8,19.6,August,2023,Monsoon,2023-08,73.48571428571428
2023-08-18,30.5,73.7,9.0,8.5,August,2023,Monsoon,2023-08,73.54285714285713
2023-08-19,29.6,77.0,10.8,15.7,August,2023,Monsoon,2023-08,71.67142857142858
2023-08-20,33.0,80.0,10.0,15.9,August,2023,Monsoon,2023-08,74.88571428571429
2023-08-21,30.6,74.9,10.2,28.1,August,2023,Monsoon,2023-08,75.55714285714285
2023-08-22,29.7,93.3,8.4,0.0,August,2023,Monsoon,2023-08,79.5
2023-08-23,29.0,63.6,5.4,15.3,August,2023,Monsoon,2023-08,76.34285714285714
2023-08-24,28.3,78.9,6.8,1.3,August,2023,Monsoon,2023-08,77.34285714285716
2023-08-25,52.0,74.2,6.6,27.6,August,2023,Monsoon,2023-08,77.41428571428571
2023-08-26,29.3,77.2,6.0,10.4,August,2023,Monsoon,2023-08,77.44285714285715
2023-08-27,24.8,67.2,10.9,18.5,August,2023,Monsoon,2023-08,75.61428571428571
2023-08-28,30.2,83.9,6.1,3.1,August,2023,Monsoon,2023-08,76.9
2023-08-29,28.7,79.5,4.3,19.7,August,2023,Monsoon,2023-08,74.92857142857143
2023-08-30,35.4,85.4,11.4,8.7,August,2023,Monsoon,2023-08,78.04285714285713
2023-08-31,31.5,73.2,11.0,6.9,August,2023,Monsoon,2023-08,77.22857142857143
2023-09-01,28.8,77.3,10.1,41.0,September,2023,Monsoon,2023-09,77.67142857142858
2023-09-02,28.0,72.0,7.8,10.9,September,2023,Monsoon,2023-09,76.92857142857143
2023-09-03,26.5,73.9,13.4,25.2,September,2023,Monsoon,2023-09,77.88571428571429
2023-09-04,27.2,80.2,7.1,18.4,September,2023,Monsoon,2023-09,77.35714285714286
2023-09-05,25.4,77.8,9.2,28.9,September,2023,Monsoon,2023-09,77.11428571428573
2023-09-06,27.6,79.5,16.2,19.9,September,2023,Monsoon,2023-09,76.27142857142857
2023-09-07,24.1,81.4,9.3,28.8,September,2023,Monsoon,2023-09,77.44285714285715
2023-09-08,34.5,69.3,10.1,21.7,September,2023,Monsoon,2023-09,76.3
2023-09-09,27.6,70.6,13.3,39.4,September,2023,Monsoon,2023-09,76.10000000000001
2023-09-10,26.1,80.4,7.5,15.6,September,2023,Monsoon,2023-09,77.02857142857144
2023-09-11,27.1,68.0,14.6,6.4,September,2023,Monsoon,2023-09,75.28571428571429
2023-09-12,27.6,70.0,5.8,26.4,September,2023,Monsoon,2023-09,74.17142857142858
2023-09-13,28.8,69.9,11.7,15.4,September,2023,Monsoon,2023-09,72.8
2023-09-14,25.0,65.3,13.7,30.6,September,2023,Monsoon,2023-09,70.5
2023-09-15,25.7,81.8,13.4,41.1,September,2023,Monsoon,2023-09,72.28571428571429
2023-09-16,28.5,77.4,14.4,27.2,September,2023,Monsoon,2023-09,73.25714285714285
2023-09-17,23.4,71.2,9.5,24.6,September,2023,Monsoon,2023-09,71.94285714285715
2023-09-18,27.1,78.2,12.9,17.3,September,2023,Monsoon,2023-09,73.4
2023-09-19,24.2,67.8,13.8,9.1,September,2023,Monsoon,2023-09,73.08571428571429
2023-09-20,28.5,69.0,14.4,27.1,September,2023,Monsoon,2023-09,72.95714285714286
2023-09-21,24.3,81.1,8.3,1.4,September,2023,Monsoon,2023-09,75.21428571428571
2023-09-22,27.55,78.3,10.4,0.0,September,2023,Monsoon,2023-09,74.71428571428571
2023-09-23,25.3,87.0,10.1,0.0,September,2023,Monsoon,2023-09,76.08571428571429
2023-09-24,26.0,84.8,15.9,27.6,September,2023,Monsoon,2023-09,78.02857142857144
2023-09-25,22.5,82.0,8.3,19.8,September,2023,Monsoon,2023-09,78.57142857142857
2023-09-26,26.8,73.9,9.5,8.5,September,2023,Monsoon,2023-09,79.44285714285715
2023-09-27,22.8,77.7,8.6,19.0,September,2023,Monsoon,2023-09,80.68571428571428
2023-09-28,23.6,74.0,10.4,20.7,September,2023,Monsoon,2023-09,79.67142857142858
2023-09-29,20.7,90.0,10.3,31.1,September,2023,Monsoon,2023-09,81.34285714285716
2023-09-30,22.1,97.8,9.6,13.3,September,2023,Monsoon,2023-09,82.88571428571429
2023-10-01,23.0,78.8,11.3,4.9,October,2023,Winter,2023-10,82.02857142857144
2023-10-02,25.6,67.3,8.2,2.7,October,2023,Winter,2023-10,79.92857142857143
2023-10-03,24.3,79.8,12.5,12.7,October,2023,Winter,2023-10,80.77142857142857
2023-10-04,21.5,92.7,9.7,2.1,October,2023,Winter,2023-10,82.91428571428571
2023-10-05,26.0,83.2,12.9,7.6,October,2023,Winter,2023-10,84.22857142857143
2023-10-06,25.7,76.4,9.9,10.6,October,2023,Winter,2023-10,82.28571428571429
2023-10-07,21.5,81.6,6.4,4.7,October,2023,Winter,2023-10,79.97142857142856
2023-10-08,25.8,71.7,9.8,6.7,October,2023,Winter,2023-10,78.95714285714287
2023-10-09,20.6,75.8,13.8,0.0,October,2023,Winter,2023-10,80.17142857142858
2023-10-10,20.6,77.1,7.6,3.0,October,2023,Winter,2023-10,79.78571428571429
2023-10-11,20.3,77.7,14.5,4.6,October,2023,Winter,2023-10,77.64285714285714
2023-10-12,22.5,79.8,4.3,8.5,October,2023,Winter,2023-10,77.15714285714284
2023-10-13,23.1,88.3,10.6,4.7,October,2023,Winter,2023-10,78.85714285714286
2023-10-14,27.0,77.8,9.1,8.3,October,2023,Winter,2023-10,78.3142857142857
2023-10-15,27.5,85.9,12.7,6.3,October,2023,Winter,2023-10,80.34285714285714
2023-10-16,20.3,87.7,9.3,3.3,October,2023,Winter,2023-10,82.04285714285716
2023-10-17,20.7,77.5,11.0,11.2,October,2023,Winter,2023-10,82.10000000000001
2023-10-18,18.8,84.7,11.6,5.3,October,2023,Winter,2023-10,83.10000000000001
2023-10-19,22.5,68.7,9.9,4.5,October,2023,Winter,2023-10,81.51428571428572
2023-10-20,19.3,88.8,8.8,8.5,October,2023,Winter,2023-10,81.58571428571429
2023-10-21,22.1,85.4,7.4,9.4,October,2023,Winter,2023-10,82.67142857142858
2023-10-22,17.9,84.5,17.3,2.0,October,2023,Winter,2023-10,82.47142857142856
2023-10-23,19.4,76.6,14.7,6.5,October,2023,Winter,2023-10,80.88571428571429
2023-10-24,19.3,77.3,13.2,6.4,October,2023,Winter,2023-10,80.85714285714286
2023-10-25,22.1,77.3,9.6,8.7,October,2023,Winter,2023-10,79.79999999999998
2023-10-26,20.2,82.6,12.2,7.8,October,2023,Winter,2023-10,81.78571428571429
2023-10-27,19.3,74.6,6.2,6.7,October,2023,Winter,2023-10,79.75714285714285
2023-10-28,19.3,94.5,7.2,7.1,October,2023,Winter,2023-10,81.05714285714285
2023-10-29,23.8,77.4,10.2,9.8,October,2023,Winter,2023-10,80.04285714285713
2023-10-30,19.0,74.3,8.5,1.7,October,2023,Winter,2023-10,79.71428571428571
2023-10-31,20.5,81.2,10.2,3.5,October,2023,Winter,2023-10,80.27142857142857
2023-11-01,20.6,89.8,8.0,0.2,November,2023,Winter,2023-11,82.05714285714285
2023-11-02,18.7,80.4,10.4,1.9,November,2023,Winter,2023-11,81.74285714285713
2023-11-03,19.4,76.7,13.8,1.2,November,2023,Winter,2023-11,82.04285714285713
2023-11-04,17.0,86.8,14.5,3.8,November,2023,Winter,2023-11,80.94285714285715
2023-11-05,16.4,90.1,2.6,1.7,November,2023,Winter,2023-11,82.75714285714287
2023-11-06,22.4,78.9,11.1,2.1,November,2023,Winter,2023-11,83.41428571428571
2023-11-07,20.9,78.6,11.1,0.4,November,2023,Winter,2023-11,83.04285714285713
2023-11-08,18.8,77.5,10.6,3.1,November,2023,Winter,2023-11,81.28571428571429
2023-11-09,20.4,78.8,8.5,0.0,November,2023,Winter,2023-11,81.05714285714285
2023-11-10,16.7,87.6,13.3,3.1,November,2023,Winter,2023-11,82.61428571428571
2023-11-11,27.55,89.8,13.3,5.2,November,2023,Winter,2023-11,83.04285714285713
2023-11-12,18.5,82.3,9.5,0.1,November,2023,Winter,2023-11,81.92857142857143
2023-11-13,18.0,83.8,9.4,0.0,November,2023,Winter,2023-11,82.62857142857142
2023-11-14,17.6,82.3,7.3,3.8,November,2023,Winter,2023-11,83.15714285714286
2023-11-15,18.1,89.0,14.1,3.4,November,2023,Winter,2023-11,84.8
2023-11-16,18.5,79.0,11.5,1.3,November,2023,Winter,2023-11,84.82857142857142
2023-11-17,17.8,75.4,8.8,1.2,November,2023,Winter,2023-11,83.08571428571429
2023-11-18,17.9,91.1,7.9,1.5,November,2023,Winter,2023-11,83.27142857142857
2023-11-19,21.5,71.7,11.2,0.6,November,2023,Winter,2023-11,81.75714285714285
2023-11-20,19.5,85.3,10.0,0.0,November,2023,Winter,2023-11,81.97142857142856
2023-11-21,16.1,86.4,11.6,2.4,November,2023,Winter,2023-11,82.55714285714286
2023-11-22,20.3,81.1,10.6,2.1,November,2023,Winter,2023-11,81.42857142857143
2023-11-23,14.7,89.1,7.9,5.2,November,2023,Winter,2023-11,82.87142857142858
2023-11-24,16.1,95.1,9.2,4.6,November,2023,Winter,2023-11,85.68571428571428
2023-11-25,16.9,85.5,9.9,0.3,November,2023,Winter,2023-11,84.88571428571427
2023-11-26,16.5,78.7,14.9,2.0,November,2023,Winter,2023-11,85.88571428571429
2023-11-27,20.1,77.9,13.2,2.7,November,2023,Winter,2023-11,84.82857142857142
2023-11-28,20.8,83.5,5.7,2.4,November,2023,Winter,2023-11,84.41428571428571
2023-11-29,19.9,90.4,12.7,3.5,November,2023,Winter,2023-11,85.74285714285713
2023-11-30,21.2,97.7,10.9,2.3,November,2023,Winter,2023-11,86.97142857142856
2023-12-01,15.4,69.2,6.8,1.0,December,2023,Winter,2023-12,83.27142857142857
2023-12-02,19.0,65.2,8.7,1.5,December,2023,Winter,2023-12,80.37142857142858
2023-12-03,20.7,74.6,10.0,0.0,December,2023,Winter,2023-12,79.78571428571429
2023-12-04,14.7,88.5,14.5,2.1,December,2023,Winter,2023-12,81.3
2023-12-05,17.3,89.6,6.0,1.4,December,2023,Winter,2023-12,82.17142857142858
2023-12-06,20.3,83.1,13.2,0.6,December,2023,Winter,2023-12,81.12857142857142
2023-12-07,16.6,89.6,12.8,0.3,December,2023,Winter,2023-12,79.97142857142856
2023-12-08,15.0,89.6,8.1,5.1,December,2023,Winter,2023-12,82.88571428571429
2023-12-09,17.9,75.8,11.6,1.4,December,2023,Winter,2023-12,84.39999999999999
2023-12-10,18.1,75.0,7.7,1.1,December,2023,Winter,2023-12,84.45714285714287
2023-12-11,19.4,76.6,7.4,5.1,December,2023,Winter,2023-12,82.75714285714285
2023-12-12,15.3,68.1,7.3,1.8,December,2023,Winter,2023-12,79.68571428571428
2023-12-13,15.4,85.1,6.9,3.2,December,2023,Winter,2023-12,79.97142857142856
2023-12-14,17.8,82.7,9.2,0.3,December,2023,Winter,2023-12,78.98571428571428
2023-12-15,18.6,75.5,5.7,3.6,December,2023,Winter,2023-12,76.97142857142856
2023-12-16,20.7,83.0,11.4,1.1,December,2023,Winter,2023-12,78.0
2023-12-17,17.4,71.7,12.7,0.7,December,2023,Winter,2023-12,77.52857142857142
2023-12-18,13.9,87.4,6.9,2.9,December,2023,Winter,2023-12,79.07142857142857
2023-12-19,16.6,81.9,14.3,0.0,December,2023,Winter,2023-12,81.04285714285713
2023-12-20,15.6,83.5,10.7,3.6,December,2023,Winter,2023-12,80.81428571428572
2023-12-21,15.1,90.7,6.9,0.0,December,2023,Winter,2023-12,81.95714285714287
2023-12-22,16.0,73.2,8.7,0.0,December,2023,Winter,2023-12,81.62857142857142
2023-12-23,19.0,83.9,11.0,0.0,December,2023,Winter,2023-12,81.75714285714285
2023-12-24,19.5,84.5,9.5,2.1,December,2023,Winter,2023-12,83.58571428571429
2023-12-25,19.3,77.5,12.6,0.0,December,2023,Winter,2023-12,82.17142857142858
2023-12-26,16.0,90.6,8.4,0.4,December,2023,Winter,2023-12,83.41428571428571
2023-12-27,17.1,73.4,9.6,2.7,December,2023,Winter,2023-12,81.97142857142856
2023-12-28,20.8,82.8,11.8,2.0,December,2023,Winter,2023-12,80.84285714285714
2023-12-29,18.7,83.4,9.2,0.0,December,2023,Winter,2023-12,82.3
2023-12-30,20.3,90.0,10.2,2.1,December,2023,Winter,2023-12,83.17142857142858
2023-12-31,17.0,79.6,7.7,1.3,December,2023,Winter,2023-12,82.47142857142856
2024-01-01,16.7,81.6,16.2,1.7,January,2024,Winter,2024-01,83.05714285714285
2024-01-02,13.7,78.2,9.3,1.0,January,2024,Winter,2024-01,81.28571428571429
2024-01-03,21.0,72.4,8.0,0.0,January,2024,Winter,2024-01,81.14285714285714
2024-01-04,15.0,79.9,18.3,0.7,January,2024,Winter,2024-01,80.72857142857143
2024-01-05,18.8,79.7,12.0,0.8,January,2024,Winter,2024-01,80.2
2024-01-06,17.5,80.3,11.1,2.5,January,2024,Winter,2024-01,78.81428571428572
2024-01-07,20.6,83.6,6.5,4.6,January,2024,Winter,2024-01,79.38571428571427
2024-01-08,18.2,84.8,5.0,1.0,January,2024,Winter,2024-01,79.84285714285714
2024-01-09,18.8,87.4,13.1,4.6,January,2024,Winter,2024-01,81.15714285714286
2024-01-10,16.8,80.8,13.7,1.9,January,2024,Winter,2024-01,82.35714285714286
2024-01-11,14.9,75.0,16.5,0.4,January,2024,Winter,2024-01,81.65714285714286
2024-01-12,18.3,91.8,5.5,2.5,January,2024,Winter,2024-01,83.38571428571427
2024-01-13,16.1,87.4,12.7,2.8,January,2024,Winter,2024-01,84.39999999999999
2024-01-14,27.55,79.0,11.8,3.1,January,2024,Winter,2024-01,83.74285714285715
2024-01-15,15.9,81.8,16.0,1.4,January,2024,Winter,2024-01,83.31428571428572
2024-01-16,15.2,93.9,10.1,3.7,January,2024,Winter,2024-01,84.24285714285715
2024-01-17,18.7,75.4,10.0,2.8,January,2024,Winter,2024-01,83.47142857142856
2024-01-18,17.9,83.7,9.3,0.9,January,2024,Winter,2024-01,84.71428571428571
2024-01-19,20.3,82.5,12.0,1.0,January,2024,Winter,2024-01,83.38571428571429
2024-01-20,17.1,72.0,12.4,6.9,January,2024,Winter,2024-01,81.18571428571428
2024-01-21,16.0,84.1,12.8,2.8,January,2024,Winter,2024-01,81.91428571428571
2024-01-22,18.3,82.0,13.0,0.0,January,2024,Winter,2024-01,81.94285714285715
2024-01-23,18.3,95.7,10.3,1.8,January,2024,Winter,2024-01,82.2
2024-01-24,18.0,85.2,10.7,1.4,January,2024,Winter,2024-01,83.60000000000001
2024-01-25,16.6,92.1,6.7,0.3,January,2024,Winter,2024-01,84.8
2024-01-26,17.1,94.0,10.3,0.0,January,2024,Winter,2024-01,86.44285714285715
2024-01-27,21.1,67.0,9.9,0.0,January,2024,Winter,2024-01,85.72857142857143
2024-01-28,18.7,80.8,9.3,0.2,January,2024,Winter,2024-01,85.25714285714285
2024-01-29,17.6,83.0,11.5,1.4,January,2024,Winter,2024-01,85.39999999999999
2024-01-30,20.9,83.8,9.4,0.0,January,2024,Winter,2024-01,83.7
2024-01-31,18.5,94.7,4.8,5.3,January,2024,Winter,2024-01,85.05714285714285
2024-02-01,20.3,81.1,8.4,2.3,February,2024,Summer,2024-02,83.48571428571428
2024-02-02,17.7,89.4,7.4,2.1,February,2024,Summer,2024-02,82.82857142857142
2024-02-03,20.2,74.7,12.7,0.0,February,2024,Summer,2024-02,83.92857142857143
2024-02-04,19.2,74.9,9.3,3.2,February,2024,Summer,2024-02,83.08571428571429
2024-02-05,18.2,89.1,3.4,2.6,February,2024,Summer,2024-02,83.95714285714287
2024-02-06,21.4,86.7,10.6,4.5,February,2024,Summer,2024-02,84.37142857142858
2024-02-07,21.5,79.0,13.9,0.0,February,2024,Summer,2024-02,82.12857142857142
2024-02-08,20.9,78.9,8.6,3.4,February,2024,Summer,2024-02,81.81428571428572
2024-02-09,19.1,74.1,4.4,4.7,February,2024,Summer,2024-02,79.62857142857142
2024-02-10,17.2,88.3,8.4,0.7,February,2024,Summer,2024-02,81.57142857142857
2024-02-11,23.7,74.6,9.8,0.0,February,2024,Summer,2024-02,81.52857142857144
2024-02-12,19.4,88.6,10.6,0.0,February,2024,Summer,2024-02,81.45714285714284
2024-02-13,23.7,89.6,11.8,2.2,February,2024,Summer,2024-02,81.87142857142855
2024-02-14,24.1,81.4,8.2,0.9,February,2024,Summer,2024-02,82.21428571428571
2024-02-15,20.1,76.6,14.3,2.6,February,2024,Summer,2024-02,81.88571428571429
2024-02-16,24.4,79.5,12.8,3.7,February,2024,Summer,2024-02,82.65714285714284
2024-02-17,23.5,86.8,16.2,1.3,February,2024,Summer,2024-02,82.44285714285715
2024-02-18,21.4,80.2,5.1,2.7,February,2024,Summer,2024-02,83.24285714285715
2024-02-19,26.4,76.1,12.1,2.5,February,2024,Summer,2024-02,81.45714285714284
2024-02-20,19.7,94.0,12.3,0.0,February,2024,Summer,2024-02,82.08571428571429
2024-02-21,20.0,70.7,14.3,0.7,February,2024,Summer,2024-02,80.55714285714285
2024-02-22,18.8,83.9,13.8,0.0,February,2024,Summer,2024-02,81.60000000000001
2024-02-23,23.5,68.6,13.7,1.9,February,2024,Summer,2024-02,80.04285714285713
2024-02-24,22.2,94.6,11.0,1.3,February,2024,Summer,2024-02,81.15714285714286
2024-02-25,21.8,67.8,10.0,4.0,February,2024,Summer,2024-02,79.38571428571429
2024-02-26,24.8,85.6,7.1,3.1,February,2024,Summer,2024-02,80.74285714285713
2024-02-27,23.6,77.1,19.1,0.0,February,2024,Summer,2024-02,78.32857142857142
2024-02-28,22.6,82.8,13.8,0.4,February,2024,Summer,2024-02,80.05714285714285
2024-02-29,24.9,79.5,7.1,1.8,February,2024,Summer,2024-02,79.42857142857143
2024-03-01,22.4,91.7,4.4,2.8,March,2024,Summer,2024-03,82.72857142857141
2024-03-02,26.0,77.1,6.1,1.0,March,2024,Summer,2024-03,80.22857142857143
2024-03-03,25.5,86.0,13.0,0.0,March,2024,Summer,2024-03,82.82857142857142
2024-03-04,23.3,76.7,9.4,0.1,March,2024,Summer,2024-03,81.55714285714285
2024-03-05,26.0,63.9,11.8,3.1,March,2024,Summer,2024-03,79.67142857142858
2024-03-06,24.0,82.9,6.1,2.0,March,2024,Summer,2024-03,79.68571428571428
2024-03-07,22.7,83.0,9.2,1.6,March,2024,Summer,2024-03,80.18571428571428
2024-03-08,20.3,79.7,11.6,0.0,March,2024,Summer,2024-03,78.47142857142856
2024-03-09,21.4,68.4,11.4,0.5,March,2024,Summer,2024-03,77.22857142857143
2024-03-10,24.3,81.1,7.4,0.3,March,2024,Summer,2024-03,76.52857142857142
2024-03-11,24.0,82.5,14.5,0.0,March,2024,Summer,2024-03,77.35714285714286
2024-03-12,27.2,72.1,10.9,1.3,March,2024,Summer,2024-03,78.52857142857144
2024-03-13,24.8,65.8,7.4,1.2,March,2024,Summer,2024-03,76.08571428571429
2024-03-14,26.6,75.6,16.6,1.3,March,2024,Summer,2024-03,75.02857142857144
2024-03-15,24.3,62.1,7.2,5.3,March,2024,Summer,2024-03,72.5142857142857
2024-03-16,26.1,74.1,10.1,1.6,March,2024,Summer,2024-03,73.32857142857142
2024-03-17,29.0,75.2,9.6,0.0,March,2024,Summer,2024-03,72.48571428571428
2024-03-18,28.1,73.3,12.9,1.6,March,2024,Summer,2024-03,71.17142857142856
2024-03-19,25.2,82.0,6.9,2.0,March,2024,Summer,2024-03,72.58571428571429
2024-03-20,28.7,80.5,4.1,0.9,March,2024,Summer,2024-03,74.68571428571428
2024-03-21,28.1,67.7,13.5,2.0,March,2024,Summer,2024-03,73.55714285714285
2024-03-22,25.7,79.2,11.2,6.7,March,2024,Summer,2024-03,76.0
2024-03-23,24.8,80.0,11.3,4.5,March,2024,Summer,2024-03,76.84285714285714
2024-03-24,24.2,97.3,10.7,0.0,March,2024,Summer,2024-03,80.0
2024-03-25,27.5,82.6,11.6,0.0,March,2024,Summer,2024-03,81.32857142857144
2024-03-26,25.3,85.0,11.3,0.5,March,2024,Summer,2024-03,81.75714285714287
2024-03-27,29.5,72.2,9.9,0.0,March,2024,Summer,2024-03,80.57142857142857
2024-03-28,29.0,64.5,11.6,0.0,March,2024,Summer,2024-03,80.11428571428571
2024-03-29,26.3,83.0,11.4,2.2,March,2024,Summer,2024-03,80.65714285714286
2024-03-30,25.4,86.8,2.7,0.4,March,2024,Summer,2024-03,81.62857142857142
2024-03-31,28.6,74.0,10.2,3.1,March,2024,Summer,2024-03,78.3
2024-04-01,28.5,93.0,12.4,2.1,April,2024,Summer,2024-04,79.78571428571429
2024-04-02,30.9,66.8,11.1,0.3,April,2024,Summer,2024-04,77.18571428571428
2024-04-03,30.9,62.3,2.0,2.6,April,2024,Summer,2024-04,75.77142857142857
2024-04-04,28.0,86.3,9.9,5.9,April,2024,Summer,2024-04,78.88571428571427
2024-04-05,30.8,89.8,9.5,0.3,April,2024,Summer,2024-04,79.85714285714286
2024-04-06,32.2,79.0,8.2,3.7,April,2024,Summer,2024-04,78.74285714285715
2024-04-07,28.9,73.3,10.4,3.6,April,2024,Summer,2024-04,78.64285714285714
2024-04-08,27.9,72.9,12.3,1.5,April,2024,Summer,2024-04,75.77142857142857
2024-04-09,29.3,78.6,11.5,1.4,April,2024,Summer,2024-04,77.45714285714287
2024-04-10,30.7,74.8,10.6,6.7,April,2024,Summer,2024-04,79.24285714285713
2024-04-11,26.3,71.7,7.9,3.6,April,2024,Summer,2024-04,77.15714285714286
2024-04-12,29.6,74.8,7.3,0.8,April,2024,Summer,2024-04,75.01428571428572
2024-04-13,29.8,59.4,8.7,0.0,April,2024,Summer,2024-04,72.21428571428571
2024-04-14,30.8,83.7,13.7,1.1,April,2024,Summer,2024-04,73.7
2024-04-15,29.6,72.7,13.4,1.7,April,2024,Summer,2024-04,73.67142857142858
2024-04-16,29.6,84.7,12.2,2.9,April,2024,Summer,2024-04,74.54285714285713
2024-04-17,30.4,78.8,5.5,0.0,April,2024,Summer,2024-04,75.11428571428571
2024-04-18,31.0,75.6,10.2,2.9,April,2024,Summer,2024-04,75.67142857142858
2024-04-19,27.4,67.1,8.3,1.6,April,2024,Summer,2024-04,74.57142857142857
2024-04-20,33.0,77.1,14.1,0.0,April,2024,Summer,2024-04,77.10000000000001
2024-04-21,30.7,71.2,5.7,0.0,April,2024,Summer,2024-04,75.3142857142857
2024-04-22,29.7,78.6,14.0,0.0,April,2024,Summer,2024-04,76.15714285714284
2024-04-23,32.4,73.0,7.5,1.8,April,2024,Summer,2024-04,74.48571428571428
2024-04-24,30.8,88.4,10.3,3.6,April,2024,Summer,2024-04,75.85714285714286
2024-04-25,33.0,74.2,9.8,1.1,April,2024,Summer,2024-04,75.65714285714286
2024-04-26,30.0,87.9,7.1,0.0,April,2024,Summer,2024-04,78.62857142857142
2024-04-27,31.8,69.3,14.9,4.1,April,2024,Summer,2024-04,77.51428571428572
2024-04-28,33.5,81.3,14.7,1.8,April,2024,Summer,2024-04,78.95714285714284
2024-04-29,33.1,73.0,10.2,2.5,April,2024,Summer,2024-04,78.15714285714286
2024-04-30,31.2,77.2,12.6,0.0,April,2024,Summer,2024-04,78.75714285714285
2024-05-01,33.5,73.4,11.6,0.0,May,2024,Summer,2024-05,76.61428571428573
2024-05-02,32.1,81.5,10.5,1.9,May,2024,Summer,2024-05,77.65714285714286
2024-05-03,29.3,66.0,11.4,0.1,May,2024,Summer,2024-05,74.52857142857144
2024-05-04,31.5,69.7,7.6,0.6,May,2024,Summer,2024-05,74.58571428571429
2024-05-05,35.1,82.8,8.1,4.3,May,2024,Summer,2024-05,74.8
2024-05-06,31.4,66.1,10.9,5.1,May,2024,Summer,2024-05,73.81428571428572
2024-05-07,32.8,64.7,15.0,5.5,May,2024,Summer,2024-05,72.02857142857142
2024-05-08,31.1,83.6,10.1,0.0,May,2024,Summer,2024-05,73.48571428571428
2024-05-09,34.3,72.3,10.4,2.2,May,2024,Summer,2024-05,72.17142857142856
2024-05-10,32.1,76.8,9.6,0.0,May,2024,Summer,2024-05,73.71428571428571
2024-05-11,27.55,70.1,10.2,6.0,May,2024,Summer,2024-05,73.77142857142857
2024-05-12,34.1,76.6,10.7,0.0,May,2024,Summer,2024-05,72.88571428571429
2024-05-13,33.3,62.4,10.1,3.2,May,2024,Summer,2024-05,72.35714285714286
2024-05-14,31.4,62.8,7.2,2.9,May,2024,Summer,2024-05,72.08571428571427
2024-05-15,34.7,77.1,8.6,2.3,May,2024,Summer,2024-05,71.15714285714286
2024-05-16,36.5,72.1,11.9,0.5,May,2024,Summer,2024-05,71.12857142857142
2024-05-17,34.7,62.6,11.7,0.0,May,2024,Summer,2024-05,69.1
2024-05-18,31.9,66.8,4.9,2.3,May,2024,Summer,2024-05,68.62857142857142
2024-05-19,27.55,70.2,10.0,0.4,May,2024,Summer,2024-05,67.71428571428571
2024-05-20,36.0,60.8,12.4,0.0,May,2024,Summer,2024-05,67.48571428571428
2024-05-21,35.5,66.9,5.8,0.0,May,2024,Summer,2024-05,68.07142857142857
2024-05-22,32.3,76.2,7.3,0.0,May,2024,Summer,2024-05,67.94285714285715
2024-05-23,32.5,72.6,10.8,1.9,May,2024,Summer,2024-05,68.0142857142857
2024-05-24,32.5,73.2,9.4,0.0,May,2024,Summer,2024-05,69.52857142857144
2024-05-25,32.7,83.1,9.1,0.0,May,2024,Summer,2024-05,71.85714285714286
2024-05-26,33.1,76.0,14.3,0.9,May,2024,Summer,2024-05,72.68571428571428
2024-05-27,34.7,82.1,7.5,0.5,May,2024,Summer,2024-05,75.72857142857143
2024-05-28,33.4,80.9,11.0,1.7,May,2024,Summer,2024-05,77.72857142857143
2024-05-29,33.6,81.0,2.1,2.3,May,2024,Summer,2024-05,78.41428571428571
2024-05-30,31.7,75.3,12.1,0.0,May,2024,Summer,2024-05,78.8
2024-05-31,37.2,69.7,11.9,3.7,May,2024,Summer,2024-05,78.29999999999998
2024-06-01,31.7,76.9,10.5,11.7,June,2024,Monsoon,2024-06,77.41428571428571
2024-06-02,37.0,59.7,10.8,7.7,June,2024,Monsoon,2024-06,75.08571428571429
2024-06-03,35.5,74.5,10.0,25.2,June,2024,Monsoon,2024-06,74.0
2024-06-04,36.9,67.5,11.3,14.2,June,2024,Monsoon,2024-06,72.08571428571429
2024-06-05,37.8,66.0,10.2,14.2,June,2024,Monsoon,2024-06,69.94285714285715
2024-06-06,32.3,75.6,5.6,30.6,June,2024,Monsoon,2024-06,69.98571428571428
2024-06-07,33.4,70.2,8.2,12.7,June,2024,Monsoon,2024-06,70.05714285714285
2024-06-08,34.3,67.0,8.0,15.0,June,2024,Monsoon,2024-06,68.64285714285714
2024-06-09,31.6,72.2,7.8,7.9,June,2024,Monsoon,2024-06,70.42857142857143
2024-06-10,35.4,70.0,11.8,7.2,June,2024,Monsoon,2024-06,69.78571428571429
2024-06-11,37.9,71.5,15.9,22.8,June,2024,Monsoon,2024-06,70.35714285714286
2024-06-12,33.4,63.6,12.7,35.8,June,2024,Monsoon,2024-06,70.0142857142857
2024-06-13,33.5,76.8,5.2,20.6,June,2024,Monsoon,2024-06,70.18571428571428
2024-06-14,37.9,74.6,5.5,10.2,June,2024,Monsoon,2024-06,70.81428571428572
2024-06-15,36.6,84.8,10.3,7.0,June,2024,Monsoon,2024-06,73.35714285714286
2024-06-16,35.6,62.8,3.4,4.8,June,2024,Monsoon,2024-06,72.0142857142857
2024-06-17,35.2,58.1,9.4,47.1,June,2024,Monsoon,2024-06,70.31428571428572
2024-06-18,36.5,73.1,13.2,14.3,June,2024,Monsoon,2024-06,70.54285714285713
2024-06-19,36.4,59.7,9.4,21.9,June,2024,Monsoon,2024-06,69.98571428571428
2024-06-20,35.9,71.6,7.4,38.8,June,2024,Monsoon,2024-06,69.24285714285715
2024-06-21,37.1,70.0,7.3,22.7,June,2024,Monsoon,2024-06,68.58571428571429
2024-06-22,37.4,55.4,8.9,13.5,June,2024,Monsoon,2024-06,64.38571428571429
2024-06-23,37.3,79.9,8.2,33.7,June,2024,Monsoon,2024-06,66.82857142857142
2024-06-24,36.0,79.2,5.1,22.5,June,2024,Monsoon,2024-06,69.84285714285714
2024-06-25,36.1,76.0,8.0,25.3,June,2024,Monsoon,2024-06,70.25714285714285
2024-06-26,34.0,72.7,12.2,33.8,June,2024,Monsoon,2024-06,72.11428571428571
2024-06-27,33.0,75.1,14.1,21.5,June,2024,Monsoon,2024-06,72.61428571428571
2024-06-28,33.3,77.6,14.7,14.2,June,2024,Monsoon,2024-06,73.7
2024-06-29,36.4,69.4,6.3,28.0,June,2024,Monsoon,2024-06,75.7
2024-06-30,35.0,73.3,11.0,28.7,June,2024,Monsoon,2024-06,74.75714285714287
2024-07-01,37.3,59.5,5.7,9.4,July,2024,Monsoon,2024-07,71.94285714285714
2024-07-02,34.2,66.2,7.9,17.3,July,2024,Monsoon,2024-07,70.54285714285713
2024-07-03,38.1,80.6,9.9,4.7,July,2024,Monsoon,2024-07,71.67142857142856
2024-07-04,37.7,76.3,14.1,12.1,July,2024,Monsoon,2024-07,71.84285714285714
2024-07-05,37.7,60.5,13.3,0.0,July,2024,Monsoon,2024-07,69.4
2024-07-06,34.7,71.3,11.7,4.4,July,2024,Monsoon,2024-07,69.67142857142856
2024-07-07,36.3,77.1,11.4,15.6,July,2024,Monsoon,2024-07,70.21428571428571
2024-07-08,33.7,63.5,12.8,11.8,July,2024,Monsoon,2024-07,70.78571428571429
2024-07-09,35.3,54.0,6.5,11.2,July,2024,Monsoon,2024-07,69.04285714285713
2024-07-10,33.3,82.3,12.0,5.6,July,2024,Monsoon,2024-07,69.28571428571429
2024-07-11,32.4,80.0,13.7,14.8,July,2024,Monsoon,2024-07,69.81428571428572
2024-07-12,31.9,69.5,10.9,30.7,July,2024,Monsoon,2024-07,71.1
2024-07-13,32.8,83.3,11.6,12.0,July,2024,Monsoon,2024-07,72.8142857142857
2024-07-14,33.7,57.3,8.1,17.6,July,2024,Monsoon,2024-07,69.98571428571428
2024-07-15,32.5,79.4,12.5,0.0,July,2024,Monsoon,2024-07,72.25714285714285
2024-07-16,30.9,76.3,4.9,24.0,July,2024,Monsoon,2024-07,75.44285714285715
2024-07-17,35.0,77.2,10.4,12.2,July,2024,Monsoon,2024-07,74.71428571428571
2024-07-18,33.2,65.0,8.3,6.5,July,2024,Monsoon,2024-07,72.57142857142857
2024-07-19,31.9,83.3,11.4,9.0,July,2024,Monsoon,2024-07,74.54285714285713
2024-07-20,32.6,65.8,9.1,0.0,July,2024,Monsoon,2024-07,72.04285714285714
2024-07-21,34.9,77.2,14.9,17.5,July,2024,Monsoon,2024-07,74.88571428571429
2024-07-22,32.4,56.6,8.3,34.7,July,2024,Monsoon,2024-07,71.62857142857142
2024-07-23,30.5,76.4,9.4,24.7,July,2024,Monsoon,2024-07,71.64285714285714
2024-07-24,34.5,77.5,8.5,8.8,July,2024,Monsoon,2024-07,71.68571428571428
2024-07-25,33.3,57.2,9.3,15.4,July,2024,Monsoon,2024-07,70.57142857142857
2024-07-26,34.1,84.6,11.8,13.7,July,2024,Monsoon,2024-07,70.75714285714285
2024-07-27,33.8,70.5,6.8,33.0,July,2024,Monsoon,2024-07,71.42857142857143
2024-07-28,34.5,58.6,12.8,41.9,July,2024,Monsoon,2024-07,68.77142857142857
2024-07-29,31.9,68.8,5.3,8.2,July,2024,Monsoon,2024-07,70.51428571428572
2024-07-30,33.4,68.7,11.1,13.6,July,2024,Monsoon,2024-07,69.41428571428573
2024-07-31,33.5,73.8,9.3,11.1,July,2024,Monsoon,2024-07,68.88571428571427
2024-08-01,34.0,66.7,8.7,32.2,August,2024,Monsoon,2024-08,70.24285714285715
2024-08-02,35.9,81.9,12.7,32.4,August,2024,Monsoon,2024-08,69.85714285714286
2024-08-03,28.6,89.3,9.9,23.3,August,2024,Monsoon,2024-08,72.54285714285714
2024-08-04,31.1,83.3,10.8,13.9,August,2024,Monsoon,2024-08,76.07142857142857
2024-08-05,31.5,78.9,7.4,27.3,August,2024,Monsoon,2024-08,77.51428571428572
2024-08-06,32.3,68.6,12.4,40.6,August,2024,Monsoon,2024-08,77.5
2024-08-07,28.0,78.6,11.6,0.0,August,2024,Monsoon,2024-08,78.1857142857143
2024-08-08,32.9,55.4,8.1,1.0,August,2024,Monsoon,2024-08,76.57142857142857
2024-08-09,33.8,81.0,6.8,31.2,August,2024,Monsoon,2024-08,76.44285714285715
2024-08-10,32.2,62.0,10.5,12.7,August,2024,Monsoon,2024-08,72.54285714285713
2024-08-11,30.4,73.8,9.4,29.2,August,2024,Monsoon,2024-08,71.18571428571428
2024-08-12,28.5,75.6,10.7,5.9,August,2024,Monsoon,2024-08,70.71428571428571
2024-08-13,31.5,73.2,8.6,19.1,August,2024,Monsoon,2024-08,71.37142857142857
2024-08-14,32.5,77.2,11.0,18.3,August,2024,Monsoon,2024-08,71.17142857142856
2024-08-15,31.1,66.4,12.8,7.9,August,2024,Monsoon,2024-08,72.74285714285715
2024-08-16,31.7,52.1,8.5,18.4,August,2024,Monsoon,2024-08,68.61428571428571
2024-08-17,32.3,73.9,6.3,9.3,August,2024,Monsoon,2024-08,70.31428571428572
2024-08-18,31.2,65.2,9.2,26.7,August,2024,Monsoon,2024-08,69.08571428571429
2024-08-19,32.3,72.9,14.1,15.5,August,2024,Monsoon,2024-08,68.7
2024-08-20,27.7,69.7,7.0,0.0,August,2024,Monsoon,2024-08,68.2
2024-08-21,26.2,67.6,7.5,20.2,August,2024,Monsoon,2024-08,66.82857142857144
2024-08-22,29.0,89.9,10.3,25.4,August,2024,Monsoon,2024-08,70.18571428571428
2024-08-23,30.6,72.5,7.5,19.8,August,2024,Monsoon,2024-08,73.10000000000001
2024-08-24,31.7,83.3,14.4,15.4,August,2024,Monsoon,2024-08,74.44285714285715
2024-08-25,29.3,67.4,13.2,28.6,August,2024,Monsoon,2024-08,74.75714285714287
2024-08-26,30.2,81.6,8.7,12.2,August,2024,Monsoon,2024-08,76.0
2024-08-27,28.9,77.9,12.6,31.0,August,2024,Monsoon,2024-08,77.17142857142858
2024-08-28,27.0,71.3,8.9,23.1,August,2024,Monsoon,2024-08,77.7
2024-08-29,29.9,65.9,8.6,23.8,August,2024,Monsoon,2024-08,74.27142857142857
2024-08-30,32.1,68.9,8.5,43.8,August,2024,Monsoon,2024-08,73.75714285714285
2024-08-31,26.9,94.5,7.0,23.6,August,2024,Monsoon,2024-08,75.35714285714286
2024-09-01,27.6,78.5,14.1,12.1,September,2024,Monsoon,2024-09,76.94285714285715
2024-09-02,28.1,72.8,8.4,21.9,September,2024,Monsoon,2024-09,75.68571428571428
2024-09-03,29.5,63.3,11.5,29.8,September,2024,Monsoon,2024-09,73.60000000000001
2024-09-04,27.7,83.0,11.8,14.9,September,2024,Monsoon,2024-09,75.27142857142857
2024-09-05,29.6,78.0,9.5,11.6,September,2024,Monsoon,2024-09,77.0
2024-09-06,28.1,78.2,9.2,13.1,September,2024,Monsoon,2024-09,78.32857142857142
2024-09-07,30.9,75.4,8.6,27.1,September,2024,Monsoon,2024-09,75.60000000000001
2024-09-08,28.3,74.2,6.9,13.0,September,2024,Monsoon,2024-09,74.98571428571428
2024-09-09,27.0,87.2,9.4,22.5,September,2024,Monsoon,2024-09,77.04285714285713
2024-09-10,29.6,74.6,6.5,18.7,September,2024,Monsoon,2024-09,78.65714285714286
2024-09-11,23.9,68.3,8.9,8.2,September,2024,Monsoon,2024-09,76.55714285714286
2024-09-12,25.4,77.4,14.4,14.2,September,2024,Monsoon,2024-09,76.47142857142858
2024-09-13,24.3,88.7,12.2,25.8,September,2024,Monsoon,2024-09,77.97142857142856
2024-09-14,27.55,86.9,9.1,11.9,September,2024,Monsoon,2024-09,79.61428571428573
2024-09-15,28.7,74.6,11.9,3.0,September,2024,Monsoon,2024-09,79.67142857142856
2024-09-16,29.7,80.2,10.5,24.2,September,2024,Monsoon,2024-09,78.67142857142858
2024-09-17,28.4,74.6,8.4,21.6,September,2024,Monsoon,2024-09,78.67142857142858
2024-09-18,24.8,69.7,9.9,3.2,September,2024,Monsoon,2024-09,78.87142857142858
2024-09-19,29.2,87.4,14.7,25.4,September,2024,Monsoon,2024-09,80.3
2024-09-20,26.9,84.7,9.1,13.4,September,2024,Monsoon,2024-09,79.72857142857143
2024-09-21,25.4,71.1,4.2,11.1,September,2024,Monsoon,2024-09,77.47142857142856
2024-09-22,27.8,71.0,12.9,16.2,September,2024,Monsoon,2024-09,76.95714285714287
2024-09-23,26.5,71.5,13.1,16.3,September,2024,Monsoon,2024-09,75.71428571428571
2024-09-24,25.8,75.6,15.9,20.0,September,2024,Monsoon,2024-09,75.85714285714286
2024-09-25,23.6,67.2,5.0,19.3,September,2024,Monsoon,2024-09,75.5
2024-09-26,24.7,77.2,10.0,16.1,September,2024,Monsoon,2024-09,74.04285714285713
